date,city,temperature,rainfall,humidity
2010-01-01,Mumbai,29.165561867580813,114.50995505053505,56.96837574824479
2010-01-02,Mumbai,28.087687513885086,110.27898517781006,59.96583887887733
2010-01-03,Mumbai,29.85157374843392,102.14489371589936,57.07029373946527
2010-01-04,Mumbai,31.794083980839247,95.59470502701386,59.8362408878512
2010-01-05,Mumbai,28.471341237927792,109.5611770982593,52.25122263998
2010-01-06,Mumbai,28.662743060575988,107.02790477764054,63.128502485813385
2010-01-07,Mumbai,32.48050608000831,112.55817354725791,62.41018827479817
2010-01-08,Mumbai,31.047657179438467,110.47008118021763,58.660132286924345
2010-01-09,Mumbai,28.764139434772908,115.12479177312179,66.38240475544765
2010-01-10,Mumbai,30.978051528986704,99.78644220983864,68.11371357176235
2010-01-11,Mumbai,29.15543171280752,118.82074195164058,55.726734875020014
2010-01-12,Mumbai,29.339585491545677,108.12913104298258,60.288466104541314
2010-01-13,Mumbai,30.94313967317372,127.41025411637762,60.59271851114681
2010-01-14,Mumbai,26.820167170743908,100.26830479928283,60.07393981457467
2010-01-15,Mumbai,27.383697286135806,125.0202368851381,69.25444011198248
2010-01-16,Mumbai,29.895006516859112,110.13785256064965,64.47003245681809
2010-01-17,Mumbai,29.179162088137243,102.14029295027379,64.44707445105912
2010-01-18,Mumbai,32.017706911753436,104.30877839914545,56.079112671092005
2010-01-19,Mumbai,29.75664846588122,106.43461676882774,69.60248338489342
2010-01-20,Mumbai,28.930621593270548,114.36734645184256,60.55416601761491
2010-01-21,Mumbai,34.868058759606825,115.83863854564615,67.37318559485908
2010-01-22,Mumbai,31.665692827933665,105.3547362473344,68.78137554760443
2010-01-23,Mumbai,32.43169047181192,111.32635626469839,74.5165611040654
2010-01-24,Mumbai,29.62538351963282,133.46734326229782,61.4856577885239
2010-01-25,Mumbai,31.563170577072803,129.7912397793766,53.24631127314221
2010-01-26,Mumbai,33.049601104924044,117.34650447325325,69.5747595747771
2010-01-27,Mumbai,30.700306262559497,113.82691503389432,77.96714274236248
2010-01-28,Mumbai,33.92689874571985,115.10682139426814,75.4657371827542
2010-01-29,Mumbai,32.14606102132027,120.49719493077781,70.6229738786889
2010-01-30,Mumbai,32.934368002013215,104.58534085281526,67.41733007503932
2010-01-31,Mumbai,32.48329621406226,112.68636294132969,74.20903186022863
2010-02-01,Mumbai,37.558712442673375,99.01662748219061,65.60058114878866
2010-02-02,Mumbai,33.99305726590713,120.13238637220178,73.14189227754709
2010-02-03,Mumbai,32.0689312737644,123.045018792056,73.57605705918552
2010-02-04,Mumbai,35.99210738711756,112.16918806573979,76.63508466331675
2010-02-05,Mumbai,32.066315434595964,133.16387583651436,85.41430566363141
2010-02-06,Mumbai,35.08499405961714,105.58414397879949,73.8566135751091
2010-02-07,Mumbai,30.905428453391707,103.61055730135558,69.62471927376502
2010-02-08,Mumbai,32.324095386611816,120.90592063882575,72.31306340785737
2010-02-09,Mumbai,35.52804548064002,129.53395205282686,63.863266493357955
2010-02-10,Mumbai,36.76322877034063,136.29816374562813,69.49902556525434
2010-02-11,Mumbai,35.77908274480272,115.26019591857894,71.18628017428004
2010-02-12,Mumbai,35.35313962355298,131.0201168993013,70.86843038698593
2010-02-13,Mumbai,35.12832028105809,120.22649832170293,74.50282970464195
2010-02-14,Mumbai,32.917539289781615,119.25747681214122,69.87706687912194
2010-02-15,Mumbai,34.57687780602833,130.18629804331997,79.83828578225784
2010-02-16,Mumbai,35.23516284103955,128.23254993301157,74.47391609050923
2010-02-17,Mumbai,38.408414682077684,106.29858911907706,74.66183885358664
2010-02-18,Mumbai,37.116957456102476,137.17456612815562,73.29996817136652
2010-02-19,Mumbai,33.036977774060155,136.5500877958314,75.94206958886615
2010-02-20,Mumbai,37.34231620762897,116.82681779142284,79.51378786101692
2010-02-21,Mumbai,36.052793949875124,127.36691086649735,71.270265942861
2010-02-22,Mumbai,35.59561256695586,128.6686715655307,72.52833068975926
2010-02-23,Mumbai,38.296963459428504,126.64757030347937,74.5085916196102
2010-02-24,Mumbai,39.25738963506551,118.84312023176663,69.50142656278115
2010-02-25,Mumbai,39.17732577125654,117.92806291969191,72.3332417674408
2010-02-26,Mumbai,35.7532712172128,124.67957808105977,74.24230815959287
2010-02-27,Mumbai,36.92775930464236,136.945842361628,81.18431401625321
2010-02-28,Mumbai,38.320697778082405,130.93051429177015,78.30914847556019
2010-03-01,Mumbai,39.71872983700275,122.05677542741303,78.14322872235378
2010-03-02,Mumbai,36.91621507160539,133.74067774837135,81.60361690543179
2010-03-03,Mumbai,37.6075990981148,97.79132494802653,76.83097516088787
2010-03-04,Mumbai,35.86800515142158,138.00968230202193,79.63367444851173
2010-03-05,Mumbai,35.78740021643414,109.36230260600547,77.3235181645285
2010-03-06,Mumbai,39.901360341310834,123.36451667553598,79.31942914004301
2010-03-07,Mumbai,41.08261818516801,116.01371543781765,75.2264829679948
2010-03-08,Mumbai,38.31725963869267,114.47702488835095,66.08847397232452
2010-03-09,Mumbai,40.556778672950394,139.23740650528424,77.74802994340118
2010-03-10,Mumbai,39.35868888588723,123.14923849425699,85.66457435208363
2010-03-11,Mumbai,37.428132779019,131.4801556819949,83.30782158766647
2010-03-12,Mumbai,39.52135179043578,127.72647594946503,83.62410858179376
2010-03-13,Mumbai,41.952037007203366,133.1382998950455,85.09258135757393
2010-03-14,Mumbai,38.87891308473163,129.29991439945715,79.46441828071026
2010-03-15,Mumbai,42.15163557754707,115.85712255587146,80.11127506886609
2010-03-16,Mumbai,33.85180763054352,138.79656171064042,76.13433620027426
2010-03-17,Mumbai,40.801204385298995,124.03463229803252,77.73443447296185
2010-03-18,Mumbai,39.394733354991416,113.5360986689477,82.48013418588584
2010-03-19,Mumbai,38.68298985079247,124.9418620455135,85.50143128929248
2010-03-20,Mumbai,39.52200496812757,144.34304815151282,78.85973545170815
2010-03-21,Mumbai,35.417926873514304,137.94141152928322,77.37518308117512
2010-03-22,Mumbai,39.0053943918459,126.04769315848418,79.69211612932483
2010-03-23,Mumbai,40.207719566963355,126.1279062286353,82.7530225925253
2010-03-24,Mumbai,42.495113040356564,126.48162434044674,72.57937582107937
2010-03-25,Mumbai,38.54568165763203,150.5341461181464,68.36353942267245
2010-03-26,Mumbai,38.005191863153144,133.6458917291341,77.13167389042113
2010-03-27,Mumbai,38.655675874302716,134.17798635632607,73.8148177933728
2010-03-28,Mumbai,41.524053966485695,140.22258373356308,77.40579847392655
2010-03-29,Mumbai,40.38185643087501,132.34095422493206,79.22980682902393
2010-03-30,Mumbai,38.69297970486276,127.38707887898349,77.7187581796786
2010-03-31,Mumbai,40.80421988602562,128.02955656854695,87.25770771195154
2010-04-01,Mumbai,39.994062496057985,129.28370959794506,81.63353861773541
2010-04-02,Mumbai,41.756456567613164,129.6252773945437,81.50070497114889
2010-04-03,Mumbai,38.431356619118866,137.26268385699052,83.10196133396416
2010-04-04,Mumbai,39.1934728626548,130.485850325624,74.28342872279683
2010-04-05,Mumbai,39.07495530238961,137.26391559811753,85.15390215440918
2010-04-06,Mumbai,36.93955912127746,129.09260125153926,79.5543566024061
2010-04-07,Mumbai,40.463293665136135,130.63951123618182,83.25450930822002
2010-04-08,Mumbai,40.394679037033924,109.81569863270136,74.50585082014751
2010-04-09,Mumbai,39.88136755321948,138.89669866682846,72.05348744978876
2010-04-10,Mumbai,39.39760163557311,133.12521246595014,83.86300009477196
2010-04-11,Mumbai,37.02874001553748,139.55854559751143,81.60101062976419
2010-04-12,Mumbai,39.0079748742691,100.52524277746258,75.14827326781209
2010-04-13,Mumbai,39.15070788340136,150.27215779717199,75.24395842653632
2010-04-14,Mumbai,38.215550967880446,127.88442023741932,85.14738493472122
2010-04-15,Mumbai,39.47861054295859,140.245374066247,73.4953044682446
2010-04-16,Mumbai,40.58747954386972,118.63907421946661,87.5721204267611
2010-04-17,Mumbai,43.52707728806255,135.03185550755018,74.76630729804364
2010-04-18,Mumbai,40.07633379553664,118.22737887788232,82.36631596778784
2010-04-19,Mumbai,40.21191074774998,122.37274029195531,77.430527553864
2010-04-20,Mumbai,39.51472396858939,147.59116093903302,81.98316875565514
2010-04-21,Mumbai,35.79006900330612,126.37601029407917,76.13465285723744
2010-04-22,Mumbai,39.535785712055876,130.28076912066018,77.92366239554715
2010-04-23,Mumbai,39.667699730261845,136.6223952380269,78.81907449773819
2010-04-24,Mumbai,44.429391446901505,132.68554054551885,73.4748771649545
2010-04-25,Mumbai,39.071114331031694,129.03169783321758,82.0557942482885
2010-04-26,Mumbai,40.00914098560939,130.96774892748874,75.64602476952639
2010-04-27,Mumbai,39.28413448383636,151.1348299221233,76.9241164697936
2010-04-28,Mumbai,36.961036832110025,126.29899075171141,72.94503894165562
2010-04-29,Mumbai,41.52621885532497,128.65271014603448,64.9494781586133
2010-04-30,Mumbai,40.68398810510891,136.9069100792822,76.64510526646987
2010-05-01,Mumbai,40.69912708117931,137.2064488908595,89.49720348225101
2010-05-02,Mumbai,37.232646370909634,137.76456689710116,81.18586400048834
2010-05-03,Mumbai,41.78881031937047,132.01696731278665,76.99014149632457
2010-05-04,Mumbai,36.10878844794607,113.92742259328706,75.59052700101992
2010-05-05,Mumbai,40.01296898178691,141.41207970557008,76.83083905243298
2010-05-06,Mumbai,43.14445323885905,113.32717203153041,79.26267955035424
2010-05-07,Mumbai,36.70430786419779,127.52249619576783,70.42669695237409
2010-05-08,Mumbai,37.4722040040039,116.65163988943476,81.70120739976325
2010-05-09,Mumbai,38.721131368001444,123.24410244754856,79.50056385285853
2010-05-10,Mumbai,37.42954724255475,126.85711975539624,79.30392573011396
2010-05-11,Mumbai,35.24751355153814,126.46009339551395,77.69005952138946
2010-05-12,Mumbai,38.39601207751748,127.13586592606913,75.37585554428081
2010-05-13,Mumbai,36.04206084786787,138.71711751654672,78.41764273047427
2010-05-14,Mumbai,39.01940496975632,126.77200334059768,77.78351088567881
2010-05-15,Mumbai,36.13672707239727,119.44516026968813,72.82094752702463
2010-05-16,Mumbai,40.976637946794696,131.17117909316244,71.48552940903473
2010-05-17,Mumbai,36.2093295163993,133.06221319246174,74.62095367845349
2010-05-18,Mumbai,37.028689236458426,108.5223586552394,81.61072529521549
2010-05-19,Mumbai,39.194768529509496,126.39720298280908,67.41993281127083
2010-05-20,Mumbai,34.998910009267426,127.05364334951499,66.02365095550847
2010-05-21,Mumbai,37.806483441299115,116.67905568267264,73.9269313503643
2010-05-22,Mumbai,39.85483264093049,133.0187095302131,73.09553277401137
2010-05-23,Mumbai,33.91266167683588,117.36232856754977,73.44196461376873
2010-05-24,Mumbai,37.38211371669789,119.71430253361525,73.52545798880905
2010-05-25,Mumbai,37.41600622074607,116.31800365390899,70.91646999132442
2010-05-26,Mumbai,38.341498266479356,117.78934804458886,79.20502223885988
2010-05-27,Mumbai,34.18382125728708,106.25041716817772,63.470925465703914
2010-05-28,Mumbai,33.89497939793321,102.38716904636235,67.0493001243023
2010-05-29,Mumbai,37.45628751664031,132.30226378846925,70.38853497006778
2010-05-30,Mumbai,36.881269828085706,107.45228796167473,62.39865690746784
2010-05-31,Mumbai,36.66160961085028,105.56794823591252,69.4419757981567
2010-06-01,Mumbai,36.72531455345171,93.50335326733612,78.33218709755562
2010-06-02,Mumbai,34.54267762792992,108.19856373636567,69.82988658365362
2010-06-03,Mumbai,36.23610247106064,100.90388729614092,70.5766946820707
2010-06-04,Mumbai,36.22521188168195,130.09735240661746,62.817310044306275
2010-06-05,Mumbai,34.07648500745221,123.3137344239412,65.7285686468125
2010-06-06,Mumbai,39.101552421985055,105.8685067473094,66.6240248977714
2010-06-07,Mumbai,36.18122542997979,134.8050368179117,66.59854369253125
2010-06-08,Mumbai,32.71329577215937,121.62536316960994,74.28002450814817
2010-06-09,Mumbai,36.2701868693073,108.08292512103273,70.34261460770492
2010-06-10,Mumbai,32.86777396684303,85.8573547731573,61.67698482991019
2010-06-11,Mumbai,36.25029233419224,133.27779510602943,68.14477014557468
2010-06-12,Mumbai,36.85127598026011,95.98652979909996,69.07927838697454
2010-06-13,Mumbai,32.74970577265485,92.93922375850589,71.96288601132288
2010-06-14,Mumbai,36.173880451223546,119.12708889830112,73.83695981831167
2010-06-15,Mumbai,34.92786860586516,132.8044443193692,60.529142544844966
2010-06-16,Mumbai,35.60077524726905,121.7526929669454,61.21902229850845
2010-06-17,Mumbai,37.60380777011725,113.04975661495166,58.65255431504563
2010-06-18,Mumbai,33.17228047030038,112.85671352357123,63.43601410907734
2010-06-19,Mumbai,32.007736825682976,114.93978305099697,66.6022101810276
2010-06-20,Mumbai,31.58770003868472,113.48947259167495,68.87013037881704
2010-06-21,Mumbai,31.586045287324747,108.20491181146063,63.21557659629863
2010-06-22,Mumbai,32.91386671055696,105.92622142767426,61.65690264249612
2010-06-23,Mumbai,33.60029591883204,103.74804462860102,63.6747738996412
2010-06-24,Mumbai,33.32086337318585,96.32279943491068,58.39924904090151
2010-06-25,Mumbai,34.270956569289005,100.54301944498312,72.68087375090776
2010-06-26,Mumbai,32.491371281927805,85.90653435256212,53.85242986075369
2010-06-27,Mumbai,35.22093294664926,101.33819810905639,62.471432479147886
2010-06-28,Mumbai,31.63281910718202,91.92048724946461,71.32229664346406
2010-06-29,Mumbai,37.450560663224536,90.2547738179782,60.894443882890606
2010-06-30,Mumbai,33.109519097801346,102.57349471834877,59.566173629535186
2010-07-01,Mumbai,29.99175485605432,114.17823277010666,58.384912823721635
2010-07-02,Mumbai,29.412145034990896,108.92495615336249,58.9259016534142
2010-07-03,Mumbai,32.366760428215045,83.52044075695426,66.34787356884
2010-07-04,Mumbai,30.802852099302996,88.81305164416072,48.08024578326186
2010-07-05,Mumbai,32.525868214526255,107.60131355890837,66.46290295916577
2010-07-06,Mumbai,31.892610456812456,87.85353168761301,51.332484653080016
2010-07-07,Mumbai,30.648974676514264,94.91756600551378,56.77600335748394
2010-07-08,Mumbai,28.94982249264625,102.15075077659469,55.620597756072804
2010-07-09,Mumbai,27.462823776102464,86.45411012778624,60.36780279980198
2010-07-10,Mumbai,29.448978126667214,96.67977915386336,49.093394302183775
2010-07-11,Mumbai,31.904727459261778,81.77553466266247,59.05472307163939
2010-07-12,Mumbai,30.47052163100479,88.59332598872099,66.52621640192302
2010-07-13,Mumbai,27.40179354464026,97.29763264761809,49.25067218116442
2010-07-14,Mumbai,30.091152697304405,77.66443520148943,56.67811252925606
2010-07-15,Mumbai,30.367578057151555,97.49557727268564,52.083975706404715
2010-07-16,Mumbai,27.682063322788384,92.39295659630514,57.18899242134648
2010-07-17,Mumbai,29.610795284610983,97.61493476233126,54.82242903251861
2010-07-18,Mumbai,29.27411068489984,93.83222108467012,51.18795195079413
2010-07-19,Mumbai,26.726931211603855,104.74001972153374,56.50510503888557
2010-07-20,Mumbai,29.5845043113383,91.85903379840427,62.75959973021718
2010-07-21,Mumbai,29.84748423049117,85.82369012201157,52.4573113968729
2010-07-22,Mumbai,30.74997935964322,90.85460565020084,56.686543457326245
2010-07-23,Mumbai,30.550466796772135,94.58156836847087,46.29936059604883
2010-07-24,Mumbai,25.54758161204617,89.15736174713811,47.663658811830665
2010-07-25,Mumbai,26.28844715360509,88.59820861234482,54.49022585627255
2010-07-26,Mumbai,29.056510946261106,80.69940435746382,59.2334609663674
2010-07-27,Mumbai,28.917568502128876,80.6209806254039,53.27805994453722
2010-07-28,Mumbai,28.78490752910714,72.75838375148821,49.624334160374325
2010-07-29,Mumbai,35.32639604622485,103.81856662661562,50.87832315694759
2010-07-30,Mumbai,28.630185944647696,73.42658241587122,44.32477117667413
2010-07-31,Mumbai,29.628404209274294,78.48276680878021,53.297122489603034
2010-08-01,Mumbai,29.135585392528654,77.77867294093475,54.386829042701535
2010-08-02,Mumbai,28.402158592453066,93.46737203896883,47.418300515517544
2010-08-03,Mumbai,26.342161029099977,81.12860177222173,47.03518829796383
2010-08-04,Mumbai,28.365534055580024,96.1202075705178,50.42458237744723
2010-08-05,Mumbai,25.178456946823097,76.47741588525602,46.6246160715935
2010-08-06,Mumbai,26.12864010747674,85.57677358510828,48.1938915687844
2010-08-07,Mumbai,25.511420381417057,74.01297189862824,58.74290389998311
2010-08-08,Mumbai,26.527507646523418,103.4027693809862,46.73239023177156
2010-08-09,Mumbai,30.876471133713736,69.66547781080504,45.90260724062733
2010-08-10,Mumbai,22.39784146885816,84.23532266439524,44.18703467990752
2010-08-11,Mumbai,27.39197324838339,87.07612741222408,50.87986559276842
2010-08-12,Mumbai,22.68300468552985,84.48330025824242,45.990751989727784
2010-08-13,Mumbai,24.855497626285807,78.10520748481692,43.39185752412221
2010-08-14,Mumbai,27.870167099164572,78.27859071835526,52.99105197182474
2010-08-15,Mumbai,25.71574776932116,79.63967791318179,53.23239048482864
2010-08-16,Mumbai,23.32867434306961,77.36247168049978,42.88620996916292
2010-08-17,Mumbai,23.952623444720448,88.10848375767024,36.313761969677685
2010-08-18,Mumbai,26.643619957004475,100.21850339331888,50.44641736745486
2010-08-19,Mumbai,23.72704662807977,72.18842182446379,41.752410654228065
2010-08-20,Mumbai,25.526248903843864,63.72196537824898,48.899791445173676
2010-08-21,Mumbai,25.092257551902197,76.20052113277117,34.87170865562996
2010-08-22,Mumbai,23.607958891117956,102.55057213553198,48.96530586415573
2010-08-23,Mumbai,29.111389627863506,68.39375866794126,38.23114325202181
2010-08-24,Mumbai,26.006009406809873,92.50568214096222,47.73016331968032
2010-08-25,Mumbai,20.60491536347534,92.58260975113608,43.94176641276328
2010-08-26,Mumbai,24.9475281150797,69.96797603954258,38.89954187409846
2010-08-27,Mumbai,23.172885083224127,80.89920483013547,41.43773446088791
2010-08-28,Mumbai,26.125611875406086,91.20620184872628,46.71308269641078
2010-08-29,Mumbai,22.762467949603963,70.85125086953323,43.62449111851491
2010-08-30,Mumbai,24.047305419567934,72.33453130648158,45.835621507365886
2010-08-31,Mumbai,25.2185532774618,68.28892701901621,52.6193603615792
2010-09-01,Mumbai,25.874447201247026,63.701243131791685,34.74466556725831
2010-09-02,Mumbai,21.679285146153095,67.10685843013385,50.48581879537241
2010-09-03,Mumbai,23.350424302023175,61.11887765349265,42.76063323502621
2010-09-04,Mumbai,34.05701333886323,73.46565596054499,37.58929394368619
2010-09-05,Mumbai,22.599783511605732,65.19959361967307,35.28131582481137
2010-09-06,Mumbai,27.384862179620033,75.01972021508098,40.84230544423051
2010-09-07,Mumbai,24.614127161327982,56.913534756181924,46.256578038434434
2010-09-08,Mumbai,21.235324869398976,75.58008065635177,40.87643995425046
2010-09-09,Mumbai,25.548484583729763,80.41357168494986,48.941296030477154
2010-09-10,Mumbai,27.91549893107095,51.956203185422495,34.006494623833575
2010-09-11,Mumbai,25.697319087198093,75.4577313967631,41.08433239296132
2010-09-12,Mumbai,20.557644267970254,83.82584252436777,34.77080117769097
2010-09-13,Mumbai,22.594721887963047,59.29315991417458,42.74453948051593
2010-09-14,Mumbai,26.06664412850028,87.96418935875813,45.26008061074057
2010-09-15,Mumbai,22.089955583120954,75.28607363673599,38.62678006031176
2010-09-16,Mumbai,24.368261026051815,63.911747951694,27.62017505638305
2010-09-17,Mumbai,25.00808614056806,70.27876332455111,41.55237680140125
2010-09-18,Mumbai,21.586033550520153,76.30295260624618,42.66348174602018
2010-09-19,Mumbai,23.3048123714215,71.3716431647594,42.429199941898695
2010-09-20,Mumbai,16.928199800062036,75.89976336506422,46.52037991951113
2010-09-21,Mumbai,21.351743217693116,61.21481957029143,34.92576860247815
2010-09-22,Mumbai,22.88808779489028,72.03328053339057,43.62752872260544
2010-09-23,Mumbai,20.893292996135756,56.129433111146554,46.14025628252079
2010-09-24,Mumbai,26.652254115189127,69.09003390849055,31.24192509461913
2010-09-25,Mumbai,20.528664133071764,61.10776425233118,41.69615290758094
2010-09-26,Mumbai,22.513322009064332,62.744933521477236,37.54592280987824
2010-09-27,Mumbai,23.662309545918266,82.42341692614261,39.63404341718393
2010-09-28,Mumbai,26.293749422281895,80.94670973839169,41.76078810599101
2010-09-29,Mumbai,20.55281289076755,76.10499278845104,37.572931565685096
2010-09-30,Mumbai,25.76716091776254,59.07937259363207,36.623126431097184
2010-10-01,Mumbai,23.480558724677273,66.83619331096628,40.17094729271632
2010-10-02,Mumbai,21.519297678105193,82.1379219403951,34.56840026608817
2010-10-03,Mumbai,24.43170683612971,71.43966879920855,34.58587413078041
2010-10-04,Mumbai,23.933765179591305,93.24023276515001,43.428157991671235
2010-10-05,Mumbai,36.40834520906931,74.01342920069905,34.30953036204361
2010-10-06,Mumbai,23.74041420850825,72.04292128048493,43.41318258160247
2010-10-07,Mumbai,22.867193737336958,67.08229815115644,42.42859832639071
2010-10-08,Mumbai,23.904812596323172,71.56874276528485,31.526522167688366
2010-10-09,Mumbai,25.04493639816856,68.77732678357397,36.81352683657466
2010-10-10,Mumbai,26.93853920835084,77.46060349506631,46.22355816735713
2010-10-11,Mumbai,21.339630834825375,80.03280866538307,35.404696009259744
2010-10-12,Mumbai,28.133002046596438,62.70091128677222,38.05184928302087
2010-10-13,Mumbai,20.017340985898432,57.35222021925252,42.75333763614635
2010-10-14,Mumbai,23.675425258204626,52.41493261379441,44.43494344296457
2010-10-15,Mumbai,25.215995194454084,75.97799561358023,39.34102713274738
2010-10-16,Mumbai,24.664584358921513,59.99413580861562,37.697650273444694
2010-10-17,Mumbai,22.923303121635804,49.63720055430615,47.88925363104652
2010-10-18,Mumbai,23.821407233366386,75.19874124755246,49.56980178714978
2010-10-19,Mumbai,23.3234329677308,96.39829968547329,45.873159928005904
2010-10-20,Mumbai,23.205306611840154,71.57139926178678,41.514662964282266
2010-10-21,Mumbai,26.160643614623094,80.18922600625956,37.16155023295746
2010-10-22,Mumbai,25.255658683700844,72.80317672078789,37.17103339075867
2010-10-23,Mumbai,23.238763973686726,71.18485296071267,44.06173685474486
2010-10-24,Mumbai,26.50948687370016,81.56162619837863,43.67256535011072
2010-10-25,Mumbai,25.41331915989988,69.67341491255348,48.725433201025474
2010-10-26,Mumbai,26.51558610965156,75.46350875663994,45.11197420662798
2010-10-27,Mumbai,26.242948987324795,76.22805197239283,34.491981098156046
2010-10-28,Mumbai,23.42219651356037,66.55965506978305,47.42011115942362
2010-10-29,Mumbai,24.058962820172425,83.39839819706431,37.328346664560655
2010-10-30,Mumbai,26.775670158804093,71.97365127871862,40.56230953735338
2010-10-31,Mumbai,26.60617698357096,66.41885776318364,43.90187393666653
2010-11-01,Mumbai,25.450557229313674,79.60217968742995,52.803058283403765
2010-11-02,Mumbai,25.836483851342287,65.5208074362638,58.55325094947625
2010-11-03,Mumbai,28.269145735232062,75.06325940465693,46.22124718299135
2010-11-04,Mumbai,24.645150958670264,74.97369124258374,42.46060437908191
2010-11-05,Mumbai,27.039429229315928,86.21465905924335,46.24299717635446
2010-11-06,Mumbai,25.660224105058603,80.4008105585787,48.207495949221965
2010-11-07,Mumbai,25.75102671179879,75.70889776730824,42.3694401087205
2010-11-08,Mumbai,28.508097136406604,84.44929328929955,53.157143644426064
2010-11-09,Mumbai,28.0878741872683,90.49319995804984,45.54443677454149
2010-11-10,Mumbai,28.192871003161894,82.49565825700049,47.100418907778206
2010-11-11,Mumbai,29.307899529523034,77.35435194407694,48.16350509070105
2010-11-12,Mumbai,26.87228680629996,64.47247504560175,47.168491299141174
2010-11-13,Mumbai,28.329735712950068,67.2863526803267,49.48636204306834
2010-11-14,Mumbai,26.483026103853966,75.23843180757596,42.44085330134713
2010-11-15,Mumbai,27.891766482159134,72.55517930995393,42.97535878463435
2010-11-16,Mumbai,27.125130620748163,77.14653715859612,40.51006229410858
2010-11-17,Mumbai,27.72346425774876,79.95491623226104,48.45645080862778
2010-11-18,Mumbai,28.86587786254437,85.06361897857894,50.40581014090165
2010-11-19,Mumbai,26.187212451110266,79.44597367214071,49.056171965913855
2010-11-20,Mumbai,32.1584789410211,85.40612960721256,55.39987094603805
2010-11-21,Mumbai,26.113642228098826,81.58177512139586,47.26337388805121
2010-11-22,Mumbai,25.851155290015857,61.58393188323524,50.9027733091452
2010-11-23,Mumbai,30.751453045848876,72.35233995835867,42.3719582170009
2010-11-24,Mumbai,30.176058518318232,80.71732383396092,46.169967748412716
2010-11-25,Mumbai,30.000236899566296,70.4790443679749,51.86168331875286
2010-11-26,Mumbai,30.169673455617374,88.9982346112285,52.91147542789335
2010-11-27,Mumbai,29.05115332262997,98.73444892840837,47.48145899832668
2010-11-28,Mumbai,27.445439541645346,96.0474633708242,48.88190030994369
2010-11-29,Mumbai,29.55745304273195,82.1631030697314,41.942319119284946
2010-11-30,Mumbai,28.218967138454733,99.6471330529364,48.04143511892487
2010-12-01,Mumbai,31.692483965235727,86.6734080672218,54.57640481439938
2010-12-02,Mumbai,29.618546835837844,82.26712508534597,53.30134827821707
2010-12-03,Mumbai,28.433502897386465,79.95946523750506,53.23232318884902
2010-12-04,Mumbai,29.614934899289906,83.5284228829064,51.28428160109659
2010-12-05,Mumbai,31.25810698304693,83.13496403807477,51.37980394213225
2010-12-06,Mumbai,29.48061486826888,89.18835414538538,48.354522250386424
2010-12-07,Mumbai,29.140679316807397,89.56110013431943,55.46438231689319
2010-12-08,Mumbai,31.450740360547748,88.46055801422591,54.391596597074795
2010-12-09,Mumbai,31.632687713310716,93.2776454107433,55.06560338215053
2010-12-10,Mumbai,30.30935242749402,101.29617908257225,50.29630334313465
2010-12-11,Mumbai,30.56269439282222,99.36985436658983,42.48282740876151
2010-12-12,Mumbai,32.15140325779162,75.51293046473,59.06037032492117
2010-12-13,Mumbai,28.974619070442458,65.31315191129177,51.50738822683219
2010-12-14,Mumbai,29.24024812244079,100.68872612597444,49.9164725221722
2010-12-15,Mumbai,30.803529982154075,78.17246828982263,58.02823140888786
2010-12-16,Mumbai,31.999572745414426,90.09174712758752,52.932870898080594
2010-12-17,Mumbai,33.23508747113651,81.1386867592279,60.526226600114114
2010-12-18,Mumbai,35.75149730385744,75.32255023407481,58.64659948780015
2010-12-19,Mumbai,34.70427424771784,99.26149228598929,59.31575661863
2010-12-20,Mumbai,32.85785584164071,101.94475030772915,49.40568724713245
2010-12-21,Mumbai,33.32903614237984,89.09610166728847,62.63385704330245
2010-12-22,Mumbai,31.551853064081577,69.46031245862247,58.22007624288366
2010-12-23,Mumbai,33.710186006882566,90.41919235407721,55.40803886150368
2010-12-24,Mumbai,33.360602273166194,100.31179870704489,58.3127814387242
2010-12-25,Mumbai,34.77442014620182,82.11783338883565,49.05678988655969
2010-12-26,Mumbai,32.66589012552089,99.25465523566815,60.323968082654424
2010-12-27,Mumbai,35.55066876045914,97.78282870420043,53.47709392304323
2010-12-28,Mumbai,37.76928115377262,104.24432497931325,52.204255226317244
2010-12-29,Mumbai,34.67826358685883,100.16315533545917,51.69977183645563
2010-12-30,Mumbai,35.891289882639526,89.75290990650939,65.21917475183292
2010-12-31,Mumbai,36.660287983422236,111.96571501664494,56.85368303153607
2011-01-01,Mumbai,34.66969261778667,98.93110495440533,68.01290567269919
2011-01-02,Mumbai,36.11240107984829,100.75960295358306,58.00942491719343
2011-01-03,Mumbai,35.88138147379613,92.21591042596566,52.49560355650034
2011-01-04,Mumbai,36.24337646512086,97.63125029215449,55.7934263363031
2011-01-05,Mumbai,34.69362841966353,93.73091682185438,67.89835407478363
2011-01-06,Mumbai,36.48003732299223,101.36359032418882,61.28254305926536
2011-01-07,Mumbai,37.618077031484425,120.72332614840401,59.66272441553405
2011-01-08,Mumbai,39.71507493672273,90.39935173408438,63.54566657152924
2011-01-09,Mumbai,38.921629858813226,88.49365064116103,65.59509009412335
2011-01-10,Mumbai,41.49929635683789,119.85049760038041,69.01285696314186
2011-01-11,Mumbai,35.84757197265635,103.55356452377866,71.00703034632951
2011-01-12,Mumbai,39.31568627212755,99.46240760945942,62.30324676842696
2011-01-13,Mumbai,38.12589914151836,117.05669226408574,57.80819182967312
2011-01-14,Mumbai,42.32633352649485,101.10402758280986,62.70612951450262
2011-01-15,Mumbai,36.51693638045157,125.92069598895498,66.40846843523818
2011-01-16,Mumbai,36.6401378909795,114.93800343941587,60.620368519629054
2011-01-17,Mumbai,37.30603903791804,103.77535890496124,60.98389408313697
2011-01-18,Mumbai,34.44142079794327,130.7207188723437,67.81736390087521
2011-01-19,Mumbai,37.821186573562116,103.58094062073755,66.18213147599504
2011-01-20,Mumbai,37.53696367283374,117.54664070791647,66.91444296894021
2011-01-21,Mumbai,39.53754879471614,113.60320946935607,63.28104577002709
2011-01-22,Mumbai,40.10075738046105,124.10914918070817,66.24248728678462
2011-01-23,Mumbai,43.34897574086784,127.18501415457675,63.092102403530625
2011-01-24,Mumbai,41.67572756843183,112.36468116683686,72.48075183974339
2011-01-25,Mumbai,38.798128714798366,104.98162937490767,73.5201187258651
2011-01-26,Mumbai,38.33092658280759,117.5829892059041,59.42457253981816
2011-01-27,Mumbai,41.28613176041712,106.66972655469127,64.31703253384616
2011-01-28,Mumbai,37.835036294987226,134.04038060235177,61.78835914260662
2011-01-29,Mumbai,44.31025593286659,115.72736851430102,66.32455713028128
2011-01-30,Mumbai,43.176635743042354,111.16005099167823,69.45832115424774
2011-01-31,Mumbai,40.048358134311634,117.10693137421222,62.92519277854943
2011-02-01,Mumbai,37.727887015473755,102.23120532566955,65.85901308168445
2011-02-02,Mumbai,44.02779646371382,106.42401476104247,65.7403165703585
2011-02-03,Mumbai,41.255273441170964,128.57719847447285,72.08504291034711
2011-02-04,Mumbai,44.1226501868581,110.43210989901957,71.6807568110036
2011-02-05,Mumbai,38.619147416949275,106.95489837679463,68.00731770238974
2011-02-06,Mumbai,40.76851682370008,123.20832813409575,72.77863809991226
2011-02-07,Mumbai,42.135256100587625,130.11134765008376,69.4361369793662
2011-02-08,Mumbai,42.37442867193816,125.8509355598767,71.08265941718707
2011-02-09,Mumbai,41.53419206594328,129.0234458847635,81.07590646929623
2011-02-10,Mumbai,43.83199547504481,111.89093594535484,79.67489647965137
2011-02-11,Mumbai,40.6011053236576,105.63093187984991,66.73478618020758
2011-02-12,Mumbai,42.599677218286864,135.24664508454322,77.63753446605477
2011-02-13,Mumbai,43.27111893566046,117.38478462828864,77.7980381169313
2011-02-14,Mumbai,44.20346093863397,118.47541964699894,68.24785009726985
2011-02-15,Mumbai,44.73979597899553,134.63164008694383,78.32702066440979
2011-02-16,Mumbai,41.20715619928338,127.27162124288397,82.16254035798102
2011-02-17,Mumbai,40.52594188816861,126.62138840973563,69.09561642805764
2011-02-18,Mumbai,46.28507452076257,144.0591860799075,70.35192764885979
2011-02-19,Mumbai,44.52768610874481,116.31399195055545,80.25442350378877
2011-02-20,Mumbai,42.49717519572627,132.36084608733051,76.745773091807
2011-02-21,Mumbai,47.2252624617528,123.9790067810941,78.36329839761312
2011-02-22,Mumbai,44.48080583615349,126.41429249133589,77.52185921713803
2011-02-23,Mumbai,46.73220524987442,139.3255169093656,77.98070136813425
2011-02-24,Mumbai,44.63042755289383,129.42452933311708,69.5984205385918
2011-02-25,Mumbai,48.736261382788115,130.02725738956875,81.66611959915552
2011-02-26,Mumbai,48.24238794854449,135.66019216407224,82.47136248945503
2011-02-27,Mumbai,44.34825575938663,121.5690248736055,75.66541439234943
2011-02-28,Mumbai,46.901312817183985,117.10241607243577,76.77895708148125
2011-03-01,Mumbai,46.35839148192833,115.31482680806376,69.51974165273745
2011-03-02,Mumbai,47.91182666236067,106.36012474812789,79.9204008746811
2011-03-03,Mumbai,43.349070130282215,146.8388224537305,80.37812131145559
2011-03-04,Mumbai,46.75277801943051,115.48994164108407,77.37039511387073
2011-03-05,Mumbai,47.596662438294665,124.54690415792874,83.46139372854348
2011-03-06,Mumbai,42.058829723676205,124.2207930906781,76.32223123814516
2011-03-07,Mumbai,43.303621102694805,130.28448136217008,80.96330588552071
2011-03-08,Mumbai,41.68281552633314,135.58121177095296,73.1842380702461
2011-03-09,Mumbai,45.310899208277235,136.2338735150965,78.3016649999615
2011-03-10,Mumbai,47.370501347383886,121.99547612168652,77.67906238206974
2011-03-11,Mumbai,49.023086392421305,126.34389972682362,79.8032841866632
2011-03-12,Mumbai,46.246750140258506,131.02148124313987,76.94948651467112
2011-03-13,Mumbai,49.43319496541401,125.88098036097881,78.25456477018452
2011-03-14,Mumbai,54.622970376702284,144.60515124905453,83.15136618311061
2011-03-15,Mumbai,54.82053975555074,133.59679431413966,76.94087534564703
2011-03-16,Mumbai,46.28020244092977,136.1826713766672,71.18971017375262
2011-03-17,Mumbai,47.22553027442716,135.60101081631979,88.0627182741242
2011-03-18,Mumbai,46.45524972232688,140.83665623039846,86.30854883048258
2011-03-19,Mumbai,42.44612035164445,131.0332292422097,73.02069562792032
2011-03-20,Mumbai,46.46024333603099,116.36713076561125,83.00550585633911
2011-03-21,Mumbai,44.08412570170639,133.4360736256747,77.11125555267546
2011-03-22,Mumbai,48.084083265181,123.02064556464448,81.00691241169714
2011-03-23,Mumbai,47.52669091613356,124.334316454322,81.21810949294719
2011-03-24,Mumbai,44.95956537821882,135.56161504017152,78.62661090016546
2011-03-25,Mumbai,45.85448825950594,142.14949699687435,75.92561586042666
2011-03-26,Mumbai,44.80375202516162,130.03925297417916,76.43165287629775
2011-03-27,Mumbai,46.83383176692545,132.96590001040502,75.33742034553737
2011-03-28,Mumbai,48.903534372084025,146.94189863959704,75.78738842101087
2011-03-29,Mumbai,45.05290211888455,132.3605944295526,79.6328169728645
2011-03-30,Mumbai,48.06059314343253,155.99433147899447,76.40620027923991
2011-03-31,Mumbai,46.01716978305402,135.6481515157122,83.40563036816091
2011-04-01,Mumbai,45.514161732837216,112.39209460052751,87.43604557140344
2011-04-02,Mumbai,58.70114960155172,137.53091597068746,77.09806696624453
2011-04-03,Mumbai,45.064978162034826,133.7979722694485,81.18794811642404
2011-04-04,Mumbai,46.04149854515597,142.86391900837847,82.47601986321534
2011-04-05,Mumbai,44.76341582347622,136.66932833866133,82.31835457190421
2011-04-06,Mumbai,51.09603928337448,128.51520721278735,80.31295437466383
2011-04-07,Mumbai,47.24158021495043,117.61017697012727,83.61551831381257
2011-04-08,Mumbai,45.773117476688974,127.70747290516218,82.27638174875158
2011-04-09,Mumbai,47.59910046140299,121.22821737771065,73.6339691682326
2011-04-10,Mumbai,46.94211980294175,123.85509320892298,84.11933212659318
2011-04-11,Mumbai,46.71754230057186,135.464228543121,84.15541718561032
2011-04-12,Mumbai,48.37759891988668,146.18684160291355,75.84210051870673
2011-04-13,Mumbai,48.651152336549515,133.3351260475945,79.7819630101478
2011-04-14,Mumbai,46.059103211102624,117.32148589861922,82.93685597670272
2011-04-15,Mumbai,45.94954548500126,133.60957258107325,78.39579483468442
2011-04-16,Mumbai,46.52927443593735,141.00444835717843,84.72364589931134
2011-04-17,Mumbai,42.45086315617032,122.80628741373064,91.08877344437978
2011-04-18,Mumbai,43.996796045475854,127.4213628428897,75.24442617657101
2011-04-19,Mumbai,49.73055850119351,128.75731184620534,72.16839691684005
2011-04-20,Mumbai,50.253551227124284,120.60186426954274,80.4863245782678
2011-04-21,Mumbai,46.429539354791444,134.76563864015122,82.46303539343913
2011-04-22,Mumbai,48.04192738906584,126.89695890278513,77.58329505668479
2011-04-23,Mumbai,47.469739619466864,132.11704237020967,85.88078193736476
2011-04-24,Mumbai,52.960668838841414,118.85379988777179,71.79278544524563
2011-04-25,Mumbai,48.99498608346309,123.15292577854771,81.81626563634593
2011-04-26,Mumbai,46.45021111798063,134.5419524811042,75.18278849808985
2011-04-27,Mumbai,44.742477142046,123.37234254882287,86.66400557753018
2011-04-28,Mumbai,43.38550026683395,144.14481723438132,87.87936258053878
2011-04-29,Mumbai,46.94750049802937,122.64535782273877,73.92786351367312
2011-04-30,Mumbai,44.96742054916675,128.64721337672492,74.85245839992781
2011-05-01,Mumbai,43.572555767897875,135.47709788001055,81.73206580908544
2011-05-02,Mumbai,45.058275512014056,111.71060651216703,75.32718931205065
2011-05-03,Mumbai,44.12012569026948,108.02157697268704,76.85938730533535
2011-05-04,Mumbai,49.58677384367576,110.10090857489095,77.03192324977331
2011-05-05,Mumbai,47.90253430808527,137.70360541683092,67.12014380738447
2011-05-06,Mumbai,46.04759670460586,119.27204450279282,76.457895244007
2011-05-07,Mumbai,48.94526879223921,150.07813440006,72.88212215859745
2011-05-08,Mumbai,46.059536078504685,118.55192240305446,73.66398481442003
2011-05-09,Mumbai,44.09926023516963,125.73099894544885,83.1418172929964
2011-05-10,Mumbai,62.81131933366755,138.9905951780402,69.430462630178
2011-05-11,Mumbai,46.726660501039724,143.30745012260246,79.5637067610807
2011-05-12,Mumbai,43.48439381925252,143.53169415008026,73.88295760415181
2011-05-13,Mumbai,45.08599091915286,134.66366713189169,73.65453570816099
2011-05-14,Mumbai,43.620983601716446,132.4772855835725,78.77629969723048
2011-05-15,Mumbai,42.509976078936205,127.81199611460646,76.2914075545742
2011-05-16,Mumbai,47.0291242318229,129.31391817194523,77.20660325961688
2011-05-17,Mumbai,48.89466938201203,115.65565113993,78.95259550480786
2011-05-18,Mumbai,42.175677121231494,112.61644797238625,72.20908262182293
2011-05-19,Mumbai,45.993672568151304,120.38945771020097,70.55428451700158
2011-05-20,Mumbai,43.45935350389168,118.34006970115672,67.93552465148169
2011-05-21,Mumbai,43.67731280456146,115.1224102229998,68.97607449428693
2011-05-22,Mumbai,43.355759283887906,126.22551587166406,87.58656639127491
2011-05-23,Mumbai,42.69964660659871,128.41593652358014,78.79865419560062
2011-05-24,Mumbai,44.40988925552293,119.3426068618183,65.55032016822645
2011-05-25,Mumbai,42.53434039942715,132.8240227073003,65.42019148078059
2011-05-26,Mumbai,44.61876617448441,106.21666642743915,74.16503535444193
2011-05-27,Mumbai,43.85724646014497,115.27657344433256,74.21176934497632
2011-05-28,Mumbai,43.35799653036895,109.61945466627725,73.93620442479035
2011-05-29,Mumbai,41.897277061323315,97.69184698548892,69.63002980304454
2011-05-30,Mumbai,42.43375782048267,115.09509458643102,69.98732966322417
2011-05-31,Mumbai,44.97140636181004,114.26439664664275,71.96064544111384
2011-06-01,Mumbai,44.33425250970652,130.17175183579457,70.45430130038217
2011-06-02,Mumbai,41.2476165814898,120.89629805880847,58.62895227843613
2011-06-03,Mumbai,43.27025968759709,103.89291698692386,68.2741920006013
2011-06-04,Mumbai,44.44184118182817,132.21812646859564,64.8611016988676
2011-06-05,Mumbai,39.466377281262204,125.42590048576838,69.68643278155245
2011-06-06,Mumbai,43.75672378445542,118.57098723377278,83.42630181240814
2011-06-07,Mumbai,41.20831207026451,110.01583777597031,70.02452750368394
2011-06-08,Mumbai,43.53710010375099,102.2133159324592,66.30415710226734
2011-06-09,Mumbai,40.730561338954615,107.60917119540842,72.16316681396555
2011-06-10,Mumbai,38.50737310596864,121.73889811893488,69.64771405064141
2011-06-11,Mumbai,38.72103825094101,129.2142324394681,69.01271870567388
2011-06-12,Mumbai,41.93025471556807,125.31468974945781,69.62242261056896
2011-06-13,Mumbai,42.210515412801236,104.50471701021206,76.54485864286426
2011-06-14,Mumbai,39.73849494252609,97.70521024531462,60.27981420884023
2011-06-15,Mumbai,42.679491669546906,109.81578272508851,67.97277388804159
2011-06-16,Mumbai,37.933614802742156,90.2255711262117,60.641404204652446
2011-06-17,Mumbai,40.978062207514725,110.64234255627588,67.71800684132995
2011-06-18,Mumbai,38.5410243027812,105.43314424393168,60.01268084718177
2011-06-19,Mumbai,39.51153693879365,101.74526244451145,62.1835842407705
2011-06-20,Mumbai,40.7615262405686,89.95315602113935,62.458008224682004
2011-06-21,Mumbai,38.796839126687715,110.52899863746404,68.4744153112348
2011-06-22,Mumbai,39.59895904092552,99.5572019915364,67.84841247848242
2011-06-23,Mumbai,42.23057758762763,92.67480755049337,56.68739705616558
2011-06-24,Mumbai,38.91369803547952,75.13982319076095,62.84963410405087
2011-06-25,Mumbai,41.58797429534724,103.0746211631445,58.68528086868804
2011-06-26,Mumbai,37.50595378885676,120.55861846121341,55.59821044296731
2011-06-27,Mumbai,51.09691485754173,118.93418652248259,60.46264433254741
2011-06-28,Mumbai,42.34527001497373,97.23543575511107,59.661851605036766
2011-06-29,Mumbai,34.366933329790726,95.26854638651811,72.99402709181823
2011-06-30,Mumbai,37.564393891330376,105.46229576756423,62.68116793134614
2011-07-01,Mumbai,40.16021422324797,90.27435551477775,53.28405243400258
2011-07-02,Mumbai,38.44783925902713,102.75970909153402,57.00399004137153
2011-07-03,Mumbai,39.44410734447129,106.88624957703293,64.59054767260434
2011-07-04,Mumbai,37.34180729652306,110.97866524870717,69.58176920425902
2011-07-05,Mumbai,38.57104680128787,97.19206091422669,50.86581789149435
2011-07-06,Mumbai,37.9347807368812,95.64166812122645,49.052648489635516
2011-07-07,Mumbai,40.43019662514762,88.38407163791841,67.46409088051493
2011-07-08,Mumbai,38.45225161538548,88.38142624595056,59.71489074442063
2011-07-09,Mumbai,38.467723549624594,93.87276575740731,53.08357279156655
2011-07-10,Mumbai,36.818254098556324,99.29967916056555,59.757161492214685
2011-07-11,Mumbai,36.51671742246985,104.251635874177,43.56512104614528
2011-07-12,Mumbai,36.47721776710514,86.57521292142968,56.421545818474556
2011-07-13,Mumbai,37.98217538682083,109.02669899578794,57.7056480683439
2011-07-14,Mumbai,36.20282188396151,90.88313652638043,60.35093238889323
2011-07-15,Mumbai,37.47649301148671,92.87715694959729,50.324406833925075
2011-07-16,Mumbai,40.90057979248152,85.11721779409372,55.48799219739809
2011-07-17,Mumbai,38.34559447958332,67.84763261543037,50.099567015141915
2011-07-18,Mumbai,48.1391117880942,100.43353370763401,55.67230527438726
2011-07-19,Mumbai,38.715299651592986,98.46705439271963,49.58901200271508
2011-07-20,Mumbai,35.35277884459863,87.79351320074306,51.69735498548236
2011-07-21,Mumbai,31.94966610739899,90.78765270551281,48.43275338155825
2011-07-22,Mumbai,33.867704251457866,94.791022796919,56.34343495570362
2011-07-23,Mumbai,32.001278850650614,73.52312950924156,57.05798096868798
2011-07-24,Mumbai,34.89989337987774,83.37823427041812,51.27273784613364
2011-07-25,Mumbai,35.500933991814435,96.13493849652427,52.319384441670806
2011-07-26,Mumbai,38.67931503639436,75.17642700383888,44.569923750519855
2011-07-27,Mumbai,35.84385134783279,90.18556912257968,50.00160996057498
2011-07-28,Mumbai,34.61661109887732,73.21861842325109,50.938601227781376
2011-07-29,Mumbai,36.5797442272824,90.98709901908148,63.985831584980694
2011-07-30,Mumbai,30.36613430524559,85.50879994680923,45.016974717651905
2011-07-31,Mumbai,35.128502045130226,69.2605006276842,57.59543205158838
2011-08-01,Mumbai,36.06931225331618,96.61013914119845,54.959457598413536
2011-08-02,Mumbai,31.442203598281793,77.17221250154394,51.081934202133624
2011-08-03,Mumbai,36.56020760479453,75.9755741849982,58.178501457737
2011-08-04,Mumbai,34.82458842958232,85.6484788160899,50.9557185922213
2011-08-05,Mumbai,33.19353154809664,94.69869562198186,50.75401073013612
2011-08-06,Mumbai,35.167841053169326,72.6286137730863,48.258951376825785
2011-08-07,Mumbai,38.32353319268405,82.98324092970552,54.36213936624367
2011-08-08,Mumbai,34.02749187786776,86.23944310655806,53.44986490455596
2011-08-09,Mumbai,34.04359517296739,88.4725180737316,44.56592156325238
2011-08-10,Mumbai,32.51365005496117,82.90153111489721,40.828507735089474
2011-08-11,Mumbai,45.824307680719315,77.06808021206987,46.144002548290445
2011-08-12,Mumbai,34.86910806099764,72.06940707724024,42.896680033830066
2011-08-13,Mumbai,31.387193706046933,80.81952290405775,46.32109984265256
2011-08-14,Mumbai,33.13539837966862,68.85540759583346,52.57172248388037
2011-08-15,Mumbai,31.931872837599993,49.98805835844461,43.847867186826505
2011-08-16,Mumbai,33.74212355042101,83.19808973836135,45.67421089129857
2011-08-17,Mumbai,33.35055507381428,87.5090410005831,45.93657540052274
2011-08-18,Mumbai,34.65950434765092,54.48394902198698,49.65100332929667
2011-08-19,Mumbai,31.467747093804544,67.66603262744275,33.94111311310506
2011-08-20,Mumbai,31.853581854093175,83.61153778409174,41.91316197553335
2011-08-21,Mumbai,30.343586440529954,97.65829631340071,45.778646205586504
2011-08-22,Mumbai,31.32257306617737,76.96141583574287,50.50271395479349
2011-08-23,Mumbai,32.878102435302566,69.15047493534722,41.82749066089469
2011-08-24,Mumbai,33.55214859546455,74.28554967547313,34.69357919413832
2011-08-25,Mumbai,30.1108698884353,89.55436580185352,46.96895830341179
2011-08-26,Mumbai,33.61383132575216,69.04421666537718,40.492427026953536
2011-08-27,Mumbai,34.50773373037081,67.21745397178019,37.52458273007001
2011-08-28,Mumbai,32.54761501226104,70.09480039562058,40.159763463061154
2011-08-29,Mumbai,48.28925982330761,65.10924219682097,42.17239206465949
2011-08-30,Mumbai,30.02919990429459,75.59703806745316,39.8898332823124
2011-08-31,Mumbai,29.019269312878052,90.35252074319826,31.709327153506422
2011-09-01,Mumbai,27.885496315098223,77.07960316988064,47.05120461024923
2011-09-02,Mumbai,34.37196658324301,71.07609885953106,48.774131126922896
2011-09-03,Mumbai,32.628158086413194,70.44016763195978,45.49646350410767
2011-09-04,Mumbai,31.15043775083,57.492913190986165,36.39478583317774
2011-09-05,Mumbai,31.766379229392804,81.73042370173107,40.92542628376873
2011-09-06,Mumbai,28.902975604461083,71.90348912704549,41.75530082196839
2011-09-07,Mumbai,50.11342883169881,70.66769208231194,44.64229942662168
2011-09-08,Mumbai,31.315535142019517,104.2023540126558,44.85588799972854
2011-09-09,Mumbai,31.231550278829992,75.06581115251748,37.71465238534794
2011-09-10,Mumbai,32.422719784843075,64.37564911018521,41.67235085615917
2011-09-11,Mumbai,31.894407029569223,67.45358973623195,43.4311791552678
2011-09-12,Mumbai,31.344152248436547,83.03360969160241,48.3118800104904
2011-09-13,Mumbai,29.282241122804923,72.52227420646427,44.44891276651471
2011-09-14,Mumbai,31.77575854439903,56.855685707207435,44.77092709713167
2011-09-15,Mumbai,34.56934350730858,80.28817288882757,41.14972216836383
2011-09-16,Mumbai,33.471462262069316,64.28042565388814,47.69354006553624
2011-09-17,Mumbai,33.945191286988184,89.56943186330362,42.60645004721626
2011-09-18,Mumbai,29.717463140813948,81.52016413817543,36.17434943648478
2011-09-19,Mumbai,28.744653443027936,66.13837029404777,47.424576017716156
2011-09-20,Mumbai,30.45916064000088,83.32236705795165,43.83098532309549
2011-09-21,Mumbai,30.811968324939087,71.10011060635912,38.065816895080985
2011-09-22,Mumbai,32.88160713461849,78.86740904425199,37.82898335835698
2011-09-23,Mumbai,27.303930100635817,75.1139062531411,41.66059644583472
2011-09-24,Mumbai,33.74653214624709,61.73872797206883,42.450786990989634
2011-09-25,Mumbai,30.37293109183505,63.71134234380445,41.084355106142084
2011-09-26,Mumbai,29.839648842563456,80.39984112318652,41.62336533213102
2011-09-27,Mumbai,28.676619640825745,66.71473185297282,48.54144365557406
2011-09-28,Mumbai,27.40148950041813,65.99712390002902,45.38012144947376
2011-09-29,Mumbai,32.37087836105026,60.46238578588574,40.962252342577976
2011-09-30,Mumbai,30.88746934782943,74.23849089629248,44.70821973074266
2011-10-01,Mumbai,28.18017080315599,90.62552700034576,34.8375656876385
2011-10-02,Mumbai,28.19215743607386,59.33161579806055,41.99426521013623
2011-10-03,Mumbai,30.135930489022908,70.26469422953707,49.061531523871885
2011-10-04,Mumbai,34.17368883902314,84.16914291948736,38.94106209992685
2011-10-05,Mumbai,30.347567566191238,69.28383689429818,35.815330894741464
2011-10-06,Mumbai,27.894524132291995,74.64614807808196,36.82117563409111
2011-10-07,Mumbai,30.446334802888593,59.54952751171265,34.66747667540902
2011-10-08,Mumbai,30.432330766325332,74.51640468953852,36.231746271002834
2011-10-09,Mumbai,25.62690176324333,68.43058249733392,38.34880960530279
2011-10-10,Mumbai,30.95791584302451,80.23681668497903,33.22517605622706
2011-10-11,Mumbai,30.65339277206172,82.33964601308473,40.38861533470617
2011-10-12,Mumbai,32.55934802691075,96.45644231203785,44.88525646350105
2011-10-13,Mumbai,34.919428774834124,76.46088148696606,35.904252269152266
2011-10-14,Mumbai,33.532125507371305,74.03494951064904,48.11441051476043
2011-10-15,Mumbai,30.801583400375268,72.84192536022815,43.15268200560783
2011-10-16,Mumbai,29.189548805968112,67.49613894224747,45.83810417502318
2011-10-17,Mumbai,36.61542176777671,74.55094491844788,37.488231553293296
2011-10-18,Mumbai,31.656088602109918,68.35894110085252,45.14792960349496
2011-10-19,Mumbai,31.63729342087436,73.15291427384153,35.519200172120364
2011-10-20,Mumbai,31.63578595150857,84.8080837332653,45.53930975563969
2011-10-21,Mumbai,32.15760894211675,61.73889260894672,42.06207554012975
2011-10-22,Mumbai,31.552906887922862,83.3836687466027,44.08951152346542
2011-10-23,Mumbai,30.777259150447566,85.34490016602275,35.57119330029181
2011-10-24,Mumbai,30.916569240352867,71.19017609859017,37.10522503428428
2011-10-25,Mumbai,32.03321357771467,51.35761136435404,44.70358132756025
2011-10-26,Mumbai,31.103012329706104,66.71136574497659,37.117983722826274
2011-10-27,Mumbai,30.85799973812324,85.98101937604379,44.32341406745075
2011-10-28,Mumbai,32.5930469907883,73.01187898322472,35.3246840385078
2011-10-29,Mumbai,31.96937046572465,63.48495237874997,46.559520864466066
2011-10-30,Mumbai,35.58906892572295,68.67549963339053,36.3195493232726
2011-10-31,Mumbai,27.383496835918002,82.38250962315762,45.41237259380567
2011-11-01,Mumbai,34.975374121086894,79.70441693373971,45.952875502713944
2011-11-02,Mumbai,35.39399946971998,72.11616626247722,39.51979907730157
2011-11-03,Mumbai,28.86703547883892,71.11320371281877,46.09776472273406
2011-11-04,Mumbai,32.44291854818122,71.14729971858755,44.678798789351625
2011-11-05,Mumbai,44.14325014897234,66.13160155594254,40.87625965298802
2011-11-06,Mumbai,30.549586020490754,91.80758512447358,38.72644539947174
2011-11-07,Mumbai,31.93075574307148,72.73596266264629,34.15964977814356
2011-11-08,Mumbai,31.389391741500567,88.44321550555165,45.929337101362925
2011-11-09,Mumbai,37.24158237613948,91.80428498710123,36.5700691217742
2011-11-10,Mumbai,35.73720851745554,86.90066417496146,45.08842445952778
2011-11-11,Mumbai,36.54005210520269,72.93462261846264,43.5166427500175
2011-11-12,Mumbai,35.57362325112092,81.62813827246944,48.45627212325987
2011-11-13,Mumbai,32.00772622792569,77.69553324717127,43.78143204327096
2011-11-14,Mumbai,33.35451908448133,69.25366024382136,43.879880302346294
2011-11-15,Mumbai,35.52218289963808,81.89389414876278,49.426221075805984
2011-11-16,Mumbai,32.24116111169964,67.22585227685256,47.686123604387646
2011-11-17,Mumbai,36.2554691881081,91.26521086790561,47.83972444144054
2011-11-18,Mumbai,34.49491301535427,75.1205184620277,48.85746557238372
2011-11-19,Mumbai,34.37401220247802,82.16255801146002,39.08944701911889
2011-11-20,Mumbai,36.69562432605716,83.37399188441196,50.81135217923528
2011-11-21,Mumbai,36.31420361407031,78.3479812362539,50.35369795226446
2011-11-22,Mumbai,34.85760018395316,87.2055355615267,42.475649388300155
2011-11-23,Mumbai,38.053890905577234,76.99665733032097,46.61006022932647
2011-11-24,Mumbai,33.73060647519257,90.87117236574952,47.90892982264657
2011-11-25,Mumbai,37.28386847935051,69.11619499391848,47.711510608915304
2011-11-26,Mumbai,37.39918495302559,84.26274310673057,50.33526470702031
2011-11-27,Mumbai,47.56935297249129,102.81623059555423,56.108127645803506
2011-11-28,Mumbai,37.19221432910125,73.85653160779529,54.64873020759816
2011-11-29,Mumbai,46.59036876418589,77.52008207378498,42.97059188553197
2011-11-30,Mumbai,38.72134459989276,89.87895018102603,52.936931074488164
2011-12-01,Mumbai,36.67244022551425,86.98255131459666,56.769155594477496
2011-12-02,Mumbai,36.16721555780404,89.14428578926194,52.35936580113025
2011-12-03,Mumbai,39.48251574264526,90.9853631743911,56.18389670787281
2011-12-04,Mumbai,36.14901920151037,92.90033443340538,61.096765393695605
2011-12-05,Mumbai,34.915321481768565,98.11373064304928,56.463035879526274
2011-12-06,Mumbai,34.79480562682902,91.58237849091563,52.902670925962305
2011-12-07,Mumbai,39.297140010631544,85.54278377763536,57.19568258630429
2011-12-08,Mumbai,35.702507232571364,95.15583482471908,53.011171040612304
2011-12-09,Mumbai,41.952342935062,107.90708306223196,52.725024358611314
2011-12-10,Mumbai,34.45937996246883,88.0633788708831,51.16940637790389
2011-12-11,Mumbai,42.197683740638944,80.12901996547018,61.06660880227827
2011-12-12,Mumbai,39.40933831748159,101.43271684209877,49.48246343644269
2011-12-13,Mumbai,38.97736152969632,89.64855162077534,61.56341413026479
2011-12-14,Mumbai,38.265337497576006,69.61883155344134,56.729671961089664
2011-12-15,Mumbai,40.33869065336309,100.31547204548106,47.56430597530819
2011-12-16,Mumbai,39.65119764398842,86.98611928697514,56.73118056263335
2011-12-17,Mumbai,42.11987610397354,91.93448419677989,44.72641214162288
2011-12-18,Mumbai,40.329240167282414,96.66215791556515,58.68910982407184
2011-12-19,Mumbai,40.58955852423757,95.75186180173208,60.324067417572564
2011-12-20,Mumbai,39.75050847713985,101.44771687609307,53.273686024874856
2011-12-21,Mumbai,40.55317731074309,90.50634196885723,57.19187559614836
2011-12-22,Mumbai,41.47251533114131,100.5017933618324,66.68461075546581
2011-12-23,Mumbai,37.626875493554095,93.28617006076287,54.72569103642501
2011-12-24,Mumbai,38.54154870679504,103.78186346189445,52.30130116672994
2011-12-25,Mumbai,42.91551121357108,103.06062391670747,65.34628306336428
2011-12-26,Mumbai,41.96208288888142,88.06666901743064,68.09363997790504
2011-12-27,Mumbai,41.44400905927144,108.7957483576807,58.64242982319283
2011-12-28,Mumbai,42.04067119389824,93.09177553216189,64.0249218325767
2011-12-29,Mumbai,42.89094729449588,107.04792963412908,66.01894734519949
2011-12-30,Mumbai,41.30834707782292,103.15647244933834,55.943311714191374
2011-12-31,Mumbai,41.02339054919538,118.38183676795124,57.573470823160676
2012-01-01,Mumbai,43.16382407175371,98.28174086095652,66.49863968889036
2012-01-02,Mumbai,54.07732209262356,97.53948038750039,69.11350362599747
2012-01-03,Mumbai,43.97270218366148,101.35439395782029,63.84679764533685
2012-01-04,Mumbai,39.942857059547514,99.03227497572684,56.976976768536126
2012-01-05,Mumbai,59.70144006585965,110.57836298154389,71.65460153324614
2012-01-06,Mumbai,44.67621193930044,86.92994483905717,59.40717945988887
2012-01-07,Mumbai,44.43413991762128,93.06941715551704,60.7284719921298
2012-01-08,Mumbai,46.078169689023674,93.440333947606,64.45726461471341
2012-01-09,Mumbai,47.63403709556796,114.1323405396642,70.8569785168595
2012-01-10,Mumbai,46.52167157185104,122.24492805126357,67.69574276639067
2012-01-11,Mumbai,41.00051863576915,104.6023091099226,65.83886169867444
2012-01-12,Mumbai,42.311891065214795,104.46491776415847,66.41853264796292
2012-01-13,Mumbai,43.8095779746503,107.35816702125679,64.65600360330063
2012-01-14,Mumbai,45.298909760481166,118.7789660062604,67.56415289271153
2012-01-15,Mumbai,46.468850992100116,98.38706751157987,52.45926551385222
2012-01-16,Mumbai,44.16809394903412,110.54243455337102,63.95612585533311
2012-01-17,Mumbai,46.17835785776025,118.40644928424257,66.97625833219608
2012-01-18,Mumbai,44.478446381856244,114.15857843908712,60.343354075028245
2012-01-19,Mumbai,44.94966101093975,111.53390601675838,68.35700982290508
2012-01-20,Mumbai,43.5419068022447,120.13614791349481,65.72810188695166
2012-01-21,Mumbai,44.69029472954191,83.57796073529877,75.85090093510489
2012-01-22,Mumbai,44.01387621767406,117.87048948202927,75.25958948388775
2012-01-23,Mumbai,44.944887556481405,105.02914535603398,65.38424027928133
2012-01-24,Mumbai,49.18216348527541,93.73831070761462,67.27557122628599
2012-01-25,Mumbai,45.35313824845928,117.62783407361931,67.97413422420438
2012-01-26,Mumbai,52.692520055179095,126.71985322814251,66.39721447021051
2012-01-27,Mumbai,48.58892921916589,112.0723951059354,69.93971175494885
2012-01-28,Mumbai,48.14517495641826,123.43525359911492,65.47959507361907
2012-01-29,Mumbai,46.230622840795455,130.4847977833601,63.92160012762813
2012-01-30,Mumbai,49.518375260417756,127.9624110406398,72.98906712270089
2012-01-31,Mumbai,47.135433786045496,131.65977360927707,73.32106679815114
2012-02-01,Mumbai,48.69817570294623,123.12374313168543,66.44673334901105
2012-02-02,Mumbai,53.74022079192059,116.89449153516492,75.236880584579
2012-02-03,Mumbai,48.5922333322269,100.55340127605692,67.89081761752573
2012-02-04,Mumbai,51.24556421548253,114.54042780743404,72.59986131601227
2012-02-05,Mumbai,47.701649884286226,108.9915422504521,75.71772553213829
2012-02-06,Mumbai,49.19728988861371,139.55122778380104,71.7264709156967
2012-02-07,Mumbai,52.966369972422285,116.49544797913042,74.44324196300819
2012-02-08,Mumbai,48.32653336883314,119.89345052107089,69.85878674937949
2012-02-09,Mumbai,53.359220124895636,124.57782278711001,71.72631310066306
2012-02-10,Mumbai,51.301799481260765,119.89491129477398,71.94329406629792
2012-02-11,Mumbai,48.911412630634246,136.79954895157587,69.49980063214437
2012-02-12,Mumbai,51.44925166644049,114.00681494764385,72.60500156107999
2012-02-13,Mumbai,52.27563657149013,122.55765756908242,65.9979638501546
2012-02-14,Mumbai,51.71820319495087,113.55904395456893,71.53339780532242
2012-02-15,Mumbai,47.47611678303683,108.14947355624619,72.80875497878714
2012-02-16,Mumbai,49.30216603130938,115.59163023982451,73.19198200344135
2012-02-17,Mumbai,50.399132958536846,121.69214271843543,73.50085322992582
2012-02-18,Mumbai,50.88085401876546,118.11614038572407,74.63062075463046
2012-02-19,Mumbai,52.40440227988698,115.82496445561831,77.56332376000157
2012-02-20,Mumbai,51.64955027070589,109.0192701697998,79.76088190834136
2012-02-21,Mumbai,48.75226979328755,122.57781980583631,72.35709088717417
2012-02-22,Mumbai,52.3098522695797,108.6811659623933,69.80290885818982
2012-02-23,Mumbai,52.89478237231441,131.64139228213634,70.81699970227801
2012-02-24,Mumbai,52.91497148593569,125.17056929956587,73.79476657417258
2012-02-25,Mumbai,54.07632698413339,110.06878160442311,74.66992447696573
2012-02-26,Mumbai,53.69955057275589,121.8430280204756,72.77343219632887
2012-02-27,Mumbai,53.06454421480166,117.69698811312853,70.3317847914401
2012-02-28,Mumbai,52.11783949235798,128.68625785001763,74.71573769317962
2012-02-29,Mumbai,49.04571771572605,139.16742320850554,78.08241226608591
2012-03-01,Mumbai,53.333799985561136,107.27196594543047,80.32427442376977
2012-03-02,Mumbai,52.994292425768656,127.42701194580145,74.73071883734326
2012-03-03,Mumbai,53.22383277382439,124.9206973426345,75.61636108815011
2012-03-04,Mumbai,50.226316312954864,133.47284115829112,73.20613538495442
2012-03-05,Mumbai,50.71419561570591,129.1208923719442,77.83542154117099
2012-03-06,Mumbai,55.076443834692164,119.6907210666909,73.89813308509864
2012-03-07,Mumbai,52.98216957414003,124.23330028889383,81.14819882991267
2012-03-08,Mumbai,54.51271427191159,119.66888006346416,69.49009329466213
2012-03-09,Mumbai,53.29205358805289,138.58632189336188,76.75268530932162
2012-03-10,Mumbai,53.37788456722075,128.22823335140717,80.18228127241721
2012-03-11,Mumbai,55.27512819137095,147.20758859578694,79.71629374045044
2012-03-12,Mumbai,52.443874417836675,127.76128348466807,92.37709606844534
2012-03-13,Mumbai,53.7428067168335,121.44762781974998,80.7701304487426
2012-03-14,Mumbai,52.69779768850897,113.54990087162888,74.10442354762806
2012-03-15,Mumbai,52.82230538385837,110.80249675360956,78.74527444200065
2012-03-16,Mumbai,53.13905512961127,113.13083869959075,70.43356708576484
2012-03-17,Mumbai,54.2649067617825,131.77318416566004,78.99827969054634
2012-03-18,Mumbai,52.92350730839725,134.31026388747196,75.31672881844462
2012-03-19,Mumbai,56.449995666203606,113.52354322484838,84.13391820791395
2012-03-20,Mumbai,52.20385009827709,138.38957724890943,76.87842803245451
2012-03-21,Mumbai,53.670994879198204,124.70360398572838,79.10564675606561
2012-03-22,Mumbai,53.214032307391506,131.08841339167506,76.5691996408577
2012-03-23,Mumbai,57.03328071958099,145.82018113517483,88.49290666101372
2012-03-24,Mumbai,54.575331647202475,138.7350594411933,78.23823035776908
2012-03-25,Mumbai,56.2858681478768,127.14123072776023,89.04714335527505
2012-03-26,Mumbai,51.28806921539785,120.96564763026251,83.98913873353492
2012-03-27,Mumbai,54.827350262820076,108.40159517995161,82.35683309884003
2012-03-28,Mumbai,56.103615802802516,122.76152944224273,81.81237415969888
2012-03-29,Mumbai,54.51706809094768,127.86619794891358,81.95398671587492
2012-03-30,Mumbai,56.50864576992961,120.1212597878849,70.35700714286976
2012-03-31,Mumbai,53.36533049716115,128.68715252116266,78.60539782397002
2012-04-01,Mumbai,57.23786146691854,130.76601858922982,84.22412302901635
2012-04-02,Mumbai,59.03325905411207,127.73782860253993,79.74643969637663
2012-04-03,Mumbai,53.72312003497102,123.46636565931641,72.9516450776828
2012-04-04,Mumbai,53.56816656585238,131.62406154562905,79.6963209644205
2012-04-05,Mumbai,57.373357971777104,134.31917354831918,88.45370561636085
2012-04-06,Mumbai,57.6301974024684,118.94916855859246,86.13656479968755
2012-04-07,Mumbai,53.42684843836761,143.90702927548514,79.55511693851813
2012-04-08,Mumbai,53.63076700574283,128.74754059696102,84.57952766515952
2012-04-09,Mumbai,53.90320668460239,129.84882393641868,77.94101670280655
2012-04-10,Mumbai,51.77058047756975,136.6605887314805,71.19960506514302
2012-04-11,Mumbai,52.61196162683143,131.81995787203448,75.03620109895186
2012-04-12,Mumbai,52.42785538295076,138.91977708849717,87.40671767545078
2012-04-13,Mumbai,52.88451037611542,132.15155817098932,78.15024560350085
2012-04-14,Mumbai,54.33181219151705,123.03917215246746,78.22544403570615
2012-04-15,Mumbai,54.847807295313686,132.65316874278292,77.85956467910688
2012-04-16,Mumbai,57.45570647126964,117.46685438371784,88.79009391914802
2012-04-17,Mumbai,52.33047008839539,129.8471315673841,87.30415091655624
2012-04-18,Mumbai,56.26545476325763,128.27812999246876,90.1675210998496
2012-04-19,Mumbai,53.8356381116707,126.36967882763975,78.17200554824316
2012-04-20,Mumbai,54.12868401459934,126.99745918732332,80.33334531154388
2012-04-21,Mumbai,55.538452447287526,109.28794993388655,71.15441417880467
2012-04-22,Mumbai,51.901795267255196,122.43446885372977,85.99915075135095
2012-04-23,Mumbai,54.86772671429904,128.65717067720394,72.6469166875222
2012-04-24,Mumbai,54.388740677020046,129.12607270175582,79.43555034000103
2012-04-25,Mumbai,54.99094882895846,117.0413874935669,72.72557996372011
2012-04-26,Mumbai,54.531895311062485,139.75775247838754,75.12278191280022
2012-04-27,Mumbai,58.80899318717088,118.21343023990227,73.73047365944969
2012-04-28,Mumbai,52.565093257792306,136.33629168415217,74.72177014921077
2012-04-29,Mumbai,52.718128129731724,130.67230973792292,74.90463056372582
2012-04-30,Mumbai,52.47078213424369,119.68891646284162,74.69278239956105
2012-05-01,Mumbai,52.5404670421786,143.64737276759246,81.42951211989975
2012-05-02,Mumbai,52.30844744288523,113.69329677493,71.56212942968394
2012-05-03,Mumbai,55.89052363574574,134.5490134566919,78.0076882821306
2012-05-04,Mumbai,56.280263290166076,135.0835875629889,82.80830534990054
2012-05-05,Mumbai,52.22204939974014,118.08442387095084,73.9611021519112
2012-05-06,Mumbai,64.03132986284992,138.42079454402077,72.7411665751803
2012-05-07,Mumbai,54.147630575982255,121.69393324363882,74.97697580051764
2012-05-08,Mumbai,52.01738254926421,126.77242220627704,81.82228331745587
2012-05-09,Mumbai,54.30236218629817,126.17271404007364,76.68353525634107
2012-05-10,Mumbai,53.35468645537301,121.90343382630574,72.84160935430282
2012-05-11,Mumbai,49.82739789791096,131.0247411153141,77.69715551175106
2012-05-12,Mumbai,55.86167867798021,130.5148920314824,69.54187580145805
2012-05-13,Mumbai,56.26397545467701,104.75134059307607,78.23123776918666
2012-05-14,Mumbai,51.3499981598961,134.93012905137616,76.63418762023859
2012-05-15,Mumbai,51.70136601688765,104.90538752992211,72.81449591782481
2012-05-16,Mumbai,52.94756688252159,131.49297034663192,69.9187432099074
2012-05-17,Mumbai,52.94172584884383,132.06548817488516,69.43221992632226
2012-05-18,Mumbai,53.48482264011582,109.51353798215851,76.28955487126987
2012-05-19,Mumbai,56.08104771966803,115.93377304686015,79.50617979671598
2012-05-20,Mumbai,51.59766911710276,108.5976440314132,69.91658840903774
2012-05-21,Mumbai,50.243952643288736,117.11243109420955,75.13302778248871
2012-05-22,Mumbai,48.96898968992929,115.78254159601762,62.14012119890634
2012-05-23,Mumbai,50.15098591974944,126.25514332159322,69.38260334598056
2012-05-24,Mumbai,51.42998668650163,131.15180935794376,71.87718660014393
2012-05-25,Mumbai,54.96696824996031,131.59039567667375,67.2072879609403
2012-05-26,Mumbai,50.222500080970896,111.5914877713467,66.79291348413851
2012-05-27,Mumbai,51.58346852737956,114.69545913486002,67.8528874658591
2012-05-28,Mumbai,50.97955859326101,99.52283123401003,72.36577241244488
2012-05-29,Mumbai,53.264087028515505,107.86320077989612,69.6779558712068
2012-05-30,Mumbai,55.81448876190577,125.13038806145016,59.13009165369219
2012-05-31,Mumbai,49.57068058861712,131.19308263885557,59.42133550574019
2012-06-01,Mumbai,49.52384818605046,102.24469249446148,66.69112825288792
2012-06-02,Mumbai,52.45991683087678,108.21014263868697,71.71162308374504
2012-06-03,Mumbai,51.60284991433721,113.41314323566449,55.380609656543
2012-06-04,Mumbai,53.79860249497702,116.01717511871092,66.31172480625175
2012-06-05,Mumbai,51.13785977034747,104.65397499987017,65.86876751680398
2012-06-06,Mumbai,49.1149754065821,116.52128920910953,75.12880806735465
2012-06-07,Mumbai,50.87721242794929,107.06931482898484,65.94669647456502
2012-06-08,Mumbai,63.03877740445602,111.18671624733616,69.46910422778393
2012-06-09,Mumbai,51.0581016696924,116.31425440193003,67.94056031503267
2012-06-10,Mumbai,50.29067118892193,110.43259207823138,56.259413854378664
2012-06-11,Mumbai,51.26743420142361,105.51839556147023,70.42920572764929
2012-06-12,Mumbai,51.329661590249614,108.2971131888165,67.33912334599799
2012-06-13,Mumbai,51.611446174809956,108.01775498615137,68.47559958384275
2012-06-14,Mumbai,49.99972652717145,104.7068099571552,85.23580203616595
2012-06-15,Mumbai,59.32861224887668,105.3220041551692,54.8527451570672
2012-06-16,Mumbai,48.703649177676,123.39713711947523,73.56392685842425
2012-06-17,Mumbai,50.676074635322834,112.51836458633076,63.16887580761047
2012-06-18,Mumbai,46.4813378124235,103.45082428290227,65.70706283081097
2012-06-19,Mumbai,48.704075515681566,112.86973073891465,63.70589656936532
2012-06-20,Mumbai,47.0309882326009,102.05480267420677,61.47415004752103
2012-06-21,Mumbai,47.72555977525481,116.61545676402193,60.40697561757655
2012-06-22,Mumbai,50.07489569441335,108.07039782957719,64.56352761626255
2012-06-23,Mumbai,47.74967991056562,102.78942388353516,54.98909506569323
2012-06-24,Mumbai,47.30946316752925,107.82693947175363,65.98607598004273
2012-06-25,Mumbai,44.34565521621216,87.12734097383098,59.809762971917706
2012-06-26,Mumbai,48.40637192438907,91.05391968790583,55.89738288946747
2012-06-27,Mumbai,48.053101135940075,89.86714825698323,58.95420125733679
2012-06-28,Mumbai,50.936731776656224,102.72009793777299,67.14619074440348
2012-06-29,Mumbai,45.84262793236533,118.09970320166491,57.83969336946154
2012-06-30,Mumbai,46.74437062421477,122.57121136858699,61.96440802882187
2012-07-01,Mumbai,46.65269739853463,106.12230110774694,56.173078683648875
2012-07-02,Mumbai,49.15672215725563,104.23389154263059,63.273240445075444
2012-07-03,Mumbai,45.65918660518079,80.6987556683367,62.567094033860414
2012-07-04,Mumbai,46.25591027788275,92.766863681686,68.03877861916621
2012-07-05,Mumbai,46.761928227098444,89.80056810391372,57.57445068783466
2012-07-06,Mumbai,45.76785074814073,90.95542152297286,61.452539027445546
2012-07-07,Mumbai,44.350542699681995,94.96879160050128,58.25715755526083
2012-07-08,Mumbai,45.480698211270806,91.4166488994513,63.90439536026346
2012-07-09,Mumbai,47.089271530520804,75.83302598864589,53.48985412355886
2012-07-10,Mumbai,42.73889927179272,102.59489217301984,60.468886305616074
2012-07-11,Mumbai,44.90827349103812,83.87957217083506,55.43118180490534
2012-07-12,Mumbai,43.0930294721859,96.4922819473042,55.74560131858598
2012-07-13,Mumbai,46.73488410345173,114.33519923430586,56.18834411344594
2012-07-14,Mumbai,41.15056948812633,83.89698397721742,56.65508857752115
2012-07-15,Mumbai,42.931934500647465,67.28645935810866,54.4784111747715
2012-07-16,Mumbai,44.65776882284897,89.22999299935867,55.80025606129249
2012-07-17,Mumbai,46.88874130647652,102.60267609400923,62.2859767838266
2012-07-18,Mumbai,43.48137128511912,110.68208996400124,58.99299204260629
2012-07-19,Mumbai,42.35853053725534,78.31129282740103,58.08363214376795
2012-07-20,Mumbai,47.08822931663588,95.08473776562931,51.13413272539004
2012-07-21,Mumbai,40.28784907246018,84.97852605207746,48.641549605443714
2012-07-22,Mumbai,38.64525077946216,88.08910453506563,57.54222817659341
2012-07-23,Mumbai,43.78294924806702,115.11219451405141,56.82607465856968
2012-07-24,Mumbai,41.75998878473011,73.16258841635447,59.491547845625576
2012-07-25,Mumbai,40.58397477758236,90.2567178504771,48.79297769384143
2012-07-26,Mumbai,43.90670949490317,91.92692151856771,50.352249923807186
2012-07-27,Mumbai,42.842413584037445,97.64229971887862,42.992203500362926
2012-07-28,Mumbai,41.09277580344196,87.30263072945517,48.919510599526454
2012-07-29,Mumbai,39.52779612591957,88.9457201648251,55.559662399419956
2012-07-30,Mumbai,43.70218758547339,81.49533311252138,47.94206896168521
2012-07-31,Mumbai,43.12798422145957,87.65401500907781,53.17756270708861
2012-08-01,Mumbai,41.501024362282706,81.08620551455031,48.72623664969389
2012-08-02,Mumbai,45.265973510476,90.29381745370252,51.005684177869135
2012-08-03,Mumbai,39.30742608194119,79.94668348334413,43.356734280108654
2012-08-04,Mumbai,38.27305703404876,86.98332606671657,49.23426199996598
2012-08-05,Mumbai,39.818461181194266,82.49420382602048,33.5688747874099
2012-08-06,Mumbai,40.990975444364274,93.62694493894749,47.30981416334061
2012-08-07,Mumbai,41.45043826639616,81.43734086736745,39.81515251692584
2012-08-08,Mumbai,40.36468188465406,63.81113731903136,53.724280583467525
2012-08-09,Mumbai,41.43648264707024,93.75633056926488,51.31178047190587
2012-08-10,Mumbai,38.11637401925348,71.6810355942769,49.49226064509914
2012-08-11,Mumbai,43.39596563605567,73.80764589723924,54.5019039916152
2012-08-12,Mumbai,40.23505900107953,74.00147113315907,41.894140111605154
2012-08-13,Mumbai,42.52685756840609,93.3211786473977,55.12134780003747
2012-08-14,Mumbai,40.87263842388565,57.844821053603724,50.795333283562385
2012-08-15,Mumbai,40.99767033723579,110.2099770333846,44.70555136176172
2012-08-16,Mumbai,41.122765423704784,89.03026068038167,51.324562462395484
2012-08-17,Mumbai,40.779841579169755,80.34566251869695,39.877381356212084
2012-08-18,Mumbai,41.07322541124913,77.21439966837926,41.05298897538972
2012-08-19,Mumbai,42.35163678494478,80.27553592261633,41.90371483316133
2012-08-20,Mumbai,39.99415621149751,82.2945659000771,42.077339203869066
2012-08-21,Mumbai,40.92916710150662,83.20563461848936,39.21953095885792
2012-08-22,Mumbai,39.2440300606384,81.98654900767305,50.40241823390234
2012-08-23,Mumbai,42.21840579307279,77.01032089907403,42.78207072249854
2012-08-24,Mumbai,37.902415932672014,73.8322174072984,45.632925915365504
2012-08-25,Mumbai,42.77650035136248,73.9911256200874,40.81748213901328
2012-08-26,Mumbai,39.01614211147222,73.26029123475591,34.36989952277923
2012-08-27,Mumbai,36.15919500157754,86.25993658611155,44.631777203584384
2012-08-28,Mumbai,39.203718256290955,80.57809550221671,33.533743975839855
2012-08-29,Mumbai,37.51467498755197,44.96644856086239,42.570386374576124
2012-08-30,Mumbai,40.48986581747833,80.66474392380026,35.89558224483772
2012-08-31,Mumbai,37.437688854302,75.7961723859081,52.502253621967604
2012-09-01,Mumbai,37.787511093835086,73.41254631633495,46.9565695314029
2012-09-02,Mumbai,34.84034531181401,69.47309579022635,42.76762250376755
2012-09-03,Mumbai,37.65699445415276,84.36594847781286,48.40174757357517
2012-09-04,Mumbai,33.65868332349525,82.37459055148805,37.70130406617764
2012-09-05,Mumbai,35.286148052086396,64.95308441893742,44.505304291466146
2012-09-06,Mumbai,39.92499305169466,76.54301408946354,42.6473796474057
2012-09-07,Mumbai,51.68278864204581,62.554710988794334,42.83428596280648
2012-09-08,Mumbai,39.16367581319014,58.28210042097131,47.74728887977425
2012-09-09,Mumbai,36.33723425078726,65.6263873652374,44.924833587990385
2012-09-10,Mumbai,38.13696585381183,80.34110042211496,42.58839544631671
2012-09-11,Mumbai,38.189179121697144,81.08040305339571,32.75833121861508
2012-09-12,Mumbai,35.846460655310466,76.52042430205957,36.12614859099378
2012-09-13,Mumbai,41.13961843366134,78.48942335886107,40.21209899227545
2012-09-14,Mumbai,39.86001909550986,76.25766641422513,41.197450900100286
2012-09-15,Mumbai,37.63869382210004,64.54705055704856,34.9902257161491
2012-09-16,Mumbai,38.11258971169845,75.15567954786758,52.61601944531088
2012-09-17,Mumbai,38.456660109571416,78.72377873330578,48.0617592636205
2012-09-18,Mumbai,33.940393346696524,78.15450254877103,43.41831776905262
2012-09-19,Mumbai,37.51637971515899,82.40133715534697,40.70165326681908
2012-09-20,Mumbai,36.63655000436609,77.50459397309574,39.21999215121764
2012-09-21,Mumbai,35.98998407788676,73.85415436844562,35.46685589524201
2012-09-22,Mumbai,37.42665877429355,80.96808046336062,40.565121312725225
2012-09-23,Mumbai,41.5828045610249,69.93708192948696,41.42362571536547
2012-09-24,Mumbai,39.27063261152705,61.328094154701894,33.889090900577926
2012-09-25,Mumbai,36.851053002892705,68.46956330793726,41.73770405114109
2012-09-26,Mumbai,39.1459939540584,62.61345872597374,39.26536153856841
2010-01-01,Delhi,24.349280347326342,81.99797336892846,59.41464471837284
2010-01-02,Delhi,27.672017584738953,108.86854499666843,52.69145842148336
2010-01-03,Delhi,21.816713272841696,94.76215940375658,72.4178258347316
2010-01-04,Delhi,24.97098271765718,98.88169752664339,55.20348854393442
2010-01-05,Delhi,26.32049576722458,94.76738018081225,56.55946455551303
2010-01-06,Delhi,27.029454417044416,100.49504951574792,59.86073792701669
2010-01-07,Delhi,25.302467062611765,119.59162246794399,68.84453952224894
2010-01-08,Delhi,26.58166974454433,112.13964774957914,62.81812043857857
2010-01-09,Delhi,21.72643349981683,113.2514997387982,56.905497433133306
2010-01-10,Delhi,25.57643461714708,90.97652376751788,69.69755468741624
2010-01-11,Delhi,27.98928452354138,94.13526392976863,67.4195373307923
2010-01-12,Delhi,25.30645693017683,77.76234840120432,66.79426478345465
2010-01-13,Delhi,27.577183573220847,98.56383717929742,68.01710146593751
2010-01-14,Delhi,28.5404726616649,116.72721484403509,76.74526482303125
2010-01-15,Delhi,27.148434549446343,112.83006401096932,76.0325403775043
2010-01-16,Delhi,28.3605091173342,105.94361209650194,62.00558643566563
2010-01-17,Delhi,38.47085223840269,108.43147014923774,73.88907362166795
2010-01-18,Delhi,27.9759896871708,102.2587813139346,68.01426544192027
2010-01-19,Delhi,29.793128956102088,111.68567867478878,68.92087231453604
2010-01-20,Delhi,29.069174917877998,117.78446978262954,58.28910383366563
2010-01-21,Delhi,27.76369868263584,94.45141579118642,66.22159361658646
2010-01-22,Delhi,29.565678237488317,114.08821316509368,63.33037290613064
2010-01-23,Delhi,41.087000385071704,120.89425089685489,71.85356219933868
2010-01-24,Delhi,25.374997334904776,107.89363678654549,73.3851622861335
2010-01-25,Delhi,31.97008415603496,119.52281419957534,57.97144029716478
2010-01-26,Delhi,29.15524644814217,141.12981222123847,68.54533753098727
2010-01-27,Delhi,30.853273283884565,112.40345232234341,74.57389435877948
2010-01-28,Delhi,32.56999655631896,117.83957862713876,68.33761060648979
2010-01-29,Delhi,27.60399100669695,106.98144436685973,73.21999502732758
2010-01-30,Delhi,29.098873496744677,116.62577813081982,71.63133834133497
2010-01-31,Delhi,30.109612046769637,119.86284456538617,71.88172003680522
2010-02-01,Delhi,29.286649031406647,117.65089162366789,69.11173725696952
2010-02-02,Delhi,34.489924867056615,105.94320194906041,64.67719941008744
2010-02-03,Delhi,29.47080894402261,118.6366771082831,65.44105552622725
2010-02-04,Delhi,30.235924003937445,131.62301207590988,74.88079769809895
2010-02-05,Delhi,31.916780797743964,121.9103658487593,71.71329674667044
2010-02-06,Delhi,29.262967817455454,127.46167249954131,71.20197251617914
2010-02-07,Delhi,31.033407277638734,115.8841864033275,70.05008719069076
2010-02-08,Delhi,32.61537400690903,126.16040484746314,70.91499074141359
2010-02-09,Delhi,31.46860220013675,121.8556474088706,77.94320499024424
2010-02-10,Delhi,32.099521892549916,109.94977953417713,71.2963708113595
2010-02-11,Delhi,31.37768195752604,123.0342485952571,66.52736879833772
2010-02-12,Delhi,29.55549556996792,110.31634193058525,77.20713125435977
2010-02-13,Delhi,33.373714094915144,114.28278026786208,72.71667202514975
2010-02-14,Delhi,36.38444941381095,122.87703288447315,74.14614586869682
2010-02-15,Delhi,33.05336948438462,124.32214140225449,82.27102397763304
2010-02-16,Delhi,33.60696861745422,109.81699649810608,74.37007797916571
2010-02-17,Delhi,34.67961573987357,132.60236840074833,76.15425882487334
2010-02-18,Delhi,30.891059883872156,128.1292254139014,69.04482429743948
2010-02-19,Delhi,36.96808740104483,115.70188989824804,74.06776890781646
2010-02-20,Delhi,34.09880586168498,107.70659684202639,78.43592676372177
2010-02-21,Delhi,37.08667230888597,121.95982974130895,67.8290483522093
2010-02-22,Delhi,32.483390576519795,119.26893256409171,76.82313860071409
2010-02-23,Delhi,37.709734726862415,125.17223721577052,76.53117712671757
2010-02-24,Delhi,35.745701578143176,120.71500515866516,76.43721845808442
2010-02-25,Delhi,46.73431225412889,104.56972799162233,81.6153255593395
2010-02-26,Delhi,34.89975517236437,121.05164940796264,78.29560510155876
2010-02-27,Delhi,34.04912682019589,122.16236105835122,84.20272760447179
2010-02-28,Delhi,37.05923423222302,131.83112299356642,72.02839425258038
2010-03-01,Delhi,35.048359322454125,118.78092200216359,77.8549020016078
2010-03-02,Delhi,30.940424140121667,142.81043737561356,77.77146102654167
2010-03-03,Delhi,32.74454412802842,107.16034564780972,72.17156163410947
2010-03-04,Delhi,34.70898359504814,139.63370027632715,82.46282520932401
2010-03-05,Delhi,35.799811430926596,124.51625068500542,89.46299345845506
2010-03-06,Delhi,35.163131718722646,135.58477481300287,77.90758702062571
2010-03-07,Delhi,37.808079707613686,128.00842922466643,80.66538169742155
2010-03-08,Delhi,44.13193173511509,138.8193950058147,78.7051521427833
2010-03-09,Delhi,35.83688875017666,123.75551898597094,74.85150240479682
2010-03-10,Delhi,31.999458385017654,116.84004625559778,69.44703228257384
2010-03-11,Delhi,37.23779687919758,142.22015973739838,75.14787716098168
2010-03-12,Delhi,35.60964315053495,127.06087527943545,71.83732925407925
2010-03-13,Delhi,36.715183818319666,130.5834763590564,87.43243813883844
2010-03-14,Delhi,34.222799241772,140.87921462930257,78.44558185628688
2010-03-15,Delhi,38.58127812923456,118.3674923768128,77.39509988660225
2010-03-16,Delhi,38.17474716684071,134.7888024925616,83.66836480138504
2010-03-17,Delhi,37.32448798257232,123.07325056501674,73.70604323881766
2010-03-18,Delhi,35.961604724788195,127.78022409910149,75.56695824700738
2010-03-19,Delhi,37.44071912231447,129.9458033090155,79.8223704496915
2010-03-20,Delhi,34.924698279081866,114.33323163070035,84.70081178723055
2010-03-21,Delhi,38.104176020757514,121.65082367994394,82.13455463127612
2010-03-22,Delhi,39.74369995616877,143.04494342669418,80.93110204762125
2010-03-23,Delhi,38.63471554389824,138.48239515766753,80.13757752405981
2010-03-24,Delhi,35.080120011258714,129.07157907934823,81.79982917938095
2010-03-25,Delhi,37.305056728725525,132.1979008676669,80.8527087140049
2010-03-26,Delhi,34.03589598142222,126.88411215045399,74.73449676399437
2010-03-27,Delhi,37.80397058382314,143.4434037426952,80.14877603110935
2010-03-28,Delhi,37.59445655680663,127.91622341530302,74.57805616757435
2010-03-29,Delhi,32.984721532491314,132.27148355601543,80.3741211376154
2010-03-30,Delhi,34.42893242457211,141.43780177861117,77.58176051735246
2010-03-31,Delhi,36.21140722631137,122.21934021093767,92.69227815351212
2010-04-01,Delhi,36.19818790308025,145.58761403705464,79.80034287596524
2010-04-02,Delhi,34.40021271570977,114.69288566220835,72.9771353417868
2010-04-03,Delhi,37.613420265577936,146.28280973174873,79.32002456036253
2010-04-04,Delhi,37.35174437373136,126.23963562803127,82.57438803989011
2010-04-05,Delhi,36.470633344696886,127.51052734770894,88.32516294807046
2010-04-06,Delhi,35.35500601722497,110.99966534079567,76.9859160353898
2010-04-07,Delhi,38.968467363840105,125.305212159244,71.98996635189576
2010-04-08,Delhi,40.18338271885074,119.39964016775359,83.9493220425032
2010-04-09,Delhi,35.90401767224148,123.65695846606891,72.91928775037083
2010-04-10,Delhi,35.642442068013764,128.28721804908142,77.59277459710938
2010-04-11,Delhi,37.8418968304623,139.15636064364395,78.43086057172164
2010-04-12,Delhi,36.133206760305846,131.56383007340574,79.3103637730991
2010-04-13,Delhi,36.55734251512843,132.46517728337585,83.03809611828147
2010-04-14,Delhi,38.29941180977303,118.32512263051544,76.10203960121542
2010-04-15,Delhi,32.98246979127603,120.35600500284453,78.07371767174743
2010-04-16,Delhi,39.41598247994598,147.02538367423503,79.28740389573434
2010-04-17,Delhi,36.90006653430017,121.552106109292,80.01740075887692
2010-04-18,Delhi,35.904191880748606,145.32361703019183,79.66349221328554
2010-04-19,Delhi,36.51834165786156,126.1798179101047,81.25364880872182
2010-04-20,Delhi,36.588474510162754,128.47372676180018,83.1864291484521
2010-04-21,Delhi,33.165208827014354,138.98648590401191,80.81839344606325
2010-04-22,Delhi,39.578689917860785,140.82536460824952,81.00555454345472
2010-04-23,Delhi,36.62989057492103,126.8135923283485,70.7033627870272
2010-04-24,Delhi,37.388911482825684,123.8462911305774,78.73695293969027
2010-04-25,Delhi,38.35893580174203,126.9683042965597,80.74921026119593
2010-04-26,Delhi,34.36372138582156,130.69771418514767,81.85679857473657
2010-04-27,Delhi,37.300501821317305,136.0137109384381,74.60536217532473
2010-04-28,Delhi,35.763110725551506,126.91747731198878,74.62158944025497
2010-04-29,Delhi,37.93411477672792,132.83058265911635,74.89064307617187
2010-04-30,Delhi,31.925667199032368,142.7839634419155,80.28231357892743
2010-05-01,Delhi,35.91887458661068,129.9642856839275,82.60353164880748
2010-05-02,Delhi,34.84577996893119,129.01079240154513,75.22554202454022
2010-05-03,Delhi,36.84774759876658,110.44055684159413,81.62625496313179
2010-05-04,Delhi,36.85257894826704,99.05017035230127,77.52238019288424
2010-05-05,Delhi,34.42400300454232,128.9615216748608,76.09708070256056
2010-05-06,Delhi,34.339194258887005,123.84238364890858,75.47016282538834
2010-05-07,Delhi,35.464049777344506,119.34831479423008,80.0638178519291
2010-05-08,Delhi,33.81151500857903,126.6297004314918,77.75748801035424
2010-05-09,Delhi,37.20579602873042,123.2814486215094,87.3027844138905
2010-05-10,Delhi,34.69808414989225,134.84729815870043,71.45187388658766
2010-05-11,Delhi,29.534863975027125,124.107629923601,78.08818933749069
2010-05-12,Delhi,34.509242014661815,115.44742553301461,72.6317672067533
2010-05-13,Delhi,33.08958063363214,132.48166721555316,70.70690161569695
2010-05-14,Delhi,31.809668477564067,120.06534957599585,74.77010453179706
2010-05-15,Delhi,32.50072226441973,127.1520934593177,75.27791347876493
2010-05-16,Delhi,35.09558608042556,116.75620034835084,88.9444060488197
2010-05-17,Delhi,37.43311775756824,114.66923944824097,73.19094312372754
2010-05-18,Delhi,48.51057203413531,121.6401191084663,68.21473089031613
2010-05-19,Delhi,33.35472731833868,120.55148871974734,74.98052177701226
2010-05-20,Delhi,35.37244703247674,124.84018628007433,62.98807709653883
2010-05-21,Delhi,33.43338295165287,116.96823318317513,72.64334323116039
2010-05-22,Delhi,32.851346394039346,100.89804355939293,72.92122067620708
2010-05-23,Delhi,31.81890280949237,114.53514560199115,76.54825820664274
2010-05-24,Delhi,30.50918838612984,126.39672267033798,77.1738032464058
2010-05-25,Delhi,33.11639321913033,115.07496110431661,69.51463316995985
2010-05-26,Delhi,34.093959502764996,115.16972354362872,71.00263497269981
2010-05-27,Delhi,33.46447533901347,127.07693309618911,67.64484120503313
2010-05-28,Delhi,32.703958768207045,109.66794559971606,65.55147247416507
2010-05-29,Delhi,31.52091226401295,100.92918097379054,72.45428266771619
2010-05-30,Delhi,34.50379286498927,114.31559024960306,64.24667322025567
2010-05-31,Delhi,30.52636007026536,110.64013221798822,68.24811331745774
2010-06-01,Delhi,34.584473962144706,105.37479120584072,65.04896646941934
2010-06-02,Delhi,30.89829303323345,112.83439665427379,72.47387007362511
2010-06-03,Delhi,31.266724602032564,119.04984170268375,78.43034064980972
2010-06-04,Delhi,29.70549655385323,113.5843151895756,62.610193956152514
2010-06-05,Delhi,31.502383549733675,116.28537425737723,59.54528327252205
2010-06-06,Delhi,34.3206283166515,130.88408718424085,67.87557237264075
2010-06-07,Delhi,33.264815765044126,108.85189014889299,68.26560815610121
2010-06-08,Delhi,34.05274699062074,114.59119464614069,68.96510206691582
2010-06-09,Delhi,33.00136474390752,106.2391053301276,65.32255672790757
2010-06-10,Delhi,29.60979765023694,102.3878147230233,66.2310781204682
2010-06-11,Delhi,31.01454467805222,104.5192928459443,68.74979830611768
2010-06-12,Delhi,29.97368656401038,105.09466875151902,71.7903241077148
2010-06-13,Delhi,34.05222021743635,112.98796920354606,56.48689696712513
2010-06-14,Delhi,28.853550899882286,132.3921424452123,64.0895591903125
2010-06-15,Delhi,32.88970213077038,101.24648589321806,66.67365747368963
2010-06-16,Delhi,32.74256266749761,103.74371172568559,60.68342933150646
2010-06-17,Delhi,34.46946220824153,106.77943528331558,73.59629176845522
2010-06-18,Delhi,29.843683517047126,110.86715859401583,61.42906400346856
2010-06-19,Delhi,31.939853473558287,109.04113558274173,64.06395487375951
2010-06-20,Delhi,34.93003257101345,118.74114463328847,66.71356828008298
2010-06-21,Delhi,28.98238250338823,81.12907686641479,60.638907770501774
2010-06-22,Delhi,38.6614405327838,81.01491168619879,54.023275019748255
2010-06-23,Delhi,26.157971901383224,99.41519418749475,60.77271130381484
2010-06-24,Delhi,31.192905832248474,114.83544719901454,67.72216632868682
2010-06-25,Delhi,25.850289655099782,87.6932898975949,60.54870450850821
2010-06-26,Delhi,28.720729392296143,72.7597790975784,57.65856348904909
2010-06-27,Delhi,30.18849116641255,108.03338843919597,66.17609063218288
2010-06-28,Delhi,29.53248384731776,104.24297055800093,59.5503910672006
2010-06-29,Delhi,29.86111205841365,90.38858292214162,58.309640591839525
2010-06-30,Delhi,29.30276411387304,90.9191571996047,61.2636492528592
2010-07-01,Delhi,31.263801595513673,90.56077271031393,64.0258909858677
2010-07-02,Delhi,26.64929726963553,100.84714326807877,71.73642772088897
2010-07-03,Delhi,27.04782532081161,92.96229403135595,63.61981173374446
2010-07-04,Delhi,26.70445877941305,103.6499721996193,64.93875517185111
2010-07-05,Delhi,29.75825085006729,69.6473350499823,56.26590345774487
2010-07-06,Delhi,29.746932384455494,89.10988697171811,53.322929885483354
2010-07-07,Delhi,28.697083140465026,85.9033578963735,58.42092175175163
2010-07-08,Delhi,30.010397262562915,94.08682300262424,58.3026694338641
2010-07-09,Delhi,25.13643649072143,90.7570770915212,52.0324727441254
2010-07-10,Delhi,30.67645625390353,103.60446189136144,56.207543412082444
2010-07-11,Delhi,30.23840711403935,76.52242189524392,58.74044774982532
2010-07-12,Delhi,28.513578137235875,95.06191719154064,58.206635260579155
2010-07-13,Delhi,30.456868919606357,99.68317753830976,58.58798147104984
2010-07-14,Delhi,23.431544430246493,112.16084690242567,57.1844053418913
2010-07-15,Delhi,25.548047025168575,88.2731701821469,52.85884329903748
2010-07-16,Delhi,35.97994233007358,95.83392062909712,52.49005325713708
2010-07-17,Delhi,27.746303720234614,74.05140729253614,48.73193315547047
2010-07-18,Delhi,24.057411768803547,67.67351770089327,63.31926169194115
2010-07-19,Delhi,27.52786210594007,99.5463591796123,54.13299543762666
2010-07-20,Delhi,28.61000187863516,90.55118583544449,52.61359390230921
2010-07-21,Delhi,27.116320977922694,101.90287243124833,48.7678699482471
2010-07-22,Delhi,26.15137892061567,75.8976017301805,67.76604325822423
2010-07-23,Delhi,23.467116010900828,94.34760947339451,47.399085224290175
2010-07-24,Delhi,23.609218415709623,107.3569394493196,50.30160106789034
2010-07-25,Delhi,27.663335044028667,92.38934778387866,54.20737864830097
2010-07-26,Delhi,26.585138419654456,90.48513629144186,54.81394565240897
2010-07-27,Delhi,24.811957561549374,87.33555060915688,56.28965347668734
2010-07-28,Delhi,23.918993064963267,71.07562189822602,60.22766685183642
2010-07-29,Delhi,20.569317318692654,99.87852855184971,53.41265440713438
2010-07-30,Delhi,22.346700085892483,79.75663837173342,45.29665584668938
2010-07-31,Delhi,28.180111103192544,90.45665135056946,48.98982023221729
2010-08-01,Delhi,21.666670723537315,69.3324025309142,51.514325593653915
2010-08-02,Delhi,24.478335732283632,72.72353162444662,60.019882387212064
2010-08-03,Delhi,25.987587464771067,98.42897254736437,42.39637164463985
2010-08-04,Delhi,21.33775027858891,80.16976395420204,55.10807375531313
2010-08-05,Delhi,24.093528325460404,97.74507688812015,49.70778659952856
2010-08-06,Delhi,25.478108395978065,82.00452537228509,52.71370731806091
2010-08-07,Delhi,23.507146120889768,63.947464701647235,47.734321370970875
2010-08-08,Delhi,29.10056547908431,90.87195410056952,43.75535558486991
2010-08-09,Delhi,19.90995548261033,75.6425388235441,51.448671897740105
2010-08-10,Delhi,25.249828913809417,88.1240036972954,50.69689884361142
2010-08-11,Delhi,22.673849392841436,80.99046727830391,52.01919056396734
2010-08-12,Delhi,24.4522767375825,64.91412700429873,46.830349678925124
2010-08-13,Delhi,23.68197566126316,81.60103172729968,43.63961259913009
2010-08-14,Delhi,32.04954224572475,101.53902913721751,38.59059683534047
2010-08-15,Delhi,23.04518051604891,84.13142777853528,50.23124180295749
2010-08-16,Delhi,18.768360996131648,78.25731416673004,48.007775210076375
2010-08-17,Delhi,23.589725864383173,89.22312660929012,40.81754856216097
2010-08-18,Delhi,22.880741391116175,80.21995802943647,42.71598055178713
2010-08-19,Delhi,23.46510022880025,79.85868197717006,42.84176572327088
2010-08-20,Delhi,24.209568374854218,66.50374345244873,37.531741289447744
2010-08-21,Delhi,22.736353552513993,79.4218218741797,40.633815761163476
2010-08-22,Delhi,22.20733842592615,87.10791292315824,38.833167388627416
2010-08-23,Delhi,20.061364775890272,68.06988282663832,42.22460783898603
2010-08-24,Delhi,20.313729834875744,90.35947229899102,40.38285523269988
2010-08-25,Delhi,37.79071594320526,74.88854136892041,35.73537646924736
2010-08-26,Delhi,24.4472902969528,66.62616334123712,53.78219012392909
2010-08-27,Delhi,21.020237140136796,85.18569480748516,49.735619680667966
2010-08-28,Delhi,21.512750700320186,72.05429326005822,39.386393304027344
2010-08-29,Delhi,19.538280676481833,82.23767715426918,44.457125836206785
2010-08-30,Delhi,23.622291993036622,71.45274858491982,45.00088205410994
2010-08-31,Delhi,22.53941236688444,73.50747472320361,48.69258671286916
2010-09-01,Delhi,25.02537168583428,78.78441248206326,38.47284849251317
2010-09-02,Delhi,19.323231805905166,76.50860445669399,47.86028984044142
2010-09-03,Delhi,20.263410975668638,53.40296251659783,39.49932702637547
2010-09-04,Delhi,21.42449893770206,61.912383877008814,35.403902164458756
2010-09-05,Delhi,22.1994210522047,82.19342577816764,45.55356675007881
2010-09-06,Delhi,20.422618423962575,71.36049520815804,48.24169951872782
2010-09-07,Delhi,19.058241558498665,67.23517819050397,54.58787234646556
2010-09-08,Delhi,22.519907835916207,58.68553818163245,35.51555923068706
2010-09-09,Delhi,22.155031414711367,61.28091885610213,44.88011980464436
2010-09-10,Delhi,18.838638335918233,51.67557321151757,39.21336685512371
2010-09-11,Delhi,23.34327416830679,70.70435851127205,45.06157068481175
2010-09-12,Delhi,22.93678161827149,65.56477679382438,33.68032064360031
2010-09-13,Delhi,20.831783028191133,61.723691191233485,34.612531188898274
2010-09-14,Delhi,20.69201755487911,70.55723123870158,36.946269544421654
2010-09-15,Delhi,21.61341005659033,74.73558985160292,41.12540925705745
2010-09-16,Delhi,18.75721602924684,91.89384583137753,37.43583800682694
2010-09-17,Delhi,20.518880992037552,55.717619905496036,43.852907786985874
2010-09-18,Delhi,16.135127404457954,82.31349391403417,45.614262078642206
2010-09-19,Delhi,22.176774374550973,80.34260486078601,43.40561387331698
2010-09-20,Delhi,17.28774803531646,62.72127604683352,48.43540715870469
2010-09-21,Delhi,23.407358157219694,72.45391504694541,42.36017014800011
2010-09-22,Delhi,19.732983909743698,65.76333979965364,34.14196464365236
2010-09-23,Delhi,19.9655253962031,72.12346388438374,46.99460128782261
2010-09-24,Delhi,19.131963695156845,85.29360465602306,37.109081836621726
2010-09-25,Delhi,19.812869141148873,76.2029029932922,44.6499862764139
2010-09-26,Delhi,23.23047367275437,75.18631667970932,47.935493047692134
2010-09-27,Delhi,15.425211078275918,65.7593919744918,42.32509683634415
2010-09-28,Delhi,22.96513361632604,55.193041883205645,32.54161162247608
2010-09-29,Delhi,21.100584155329845,67.92892947397519,35.4180135537039
2010-09-30,Delhi,18.02679011773819,82.06858178899701,46.615389161330924
2010-10-01,Delhi,18.309467816539623,54.72859924201782,39.15457177706212
2010-10-02,Delhi,23.835101034617498,59.456051258836325,40.402497635113015
2010-10-03,Delhi,18.616486127717703,71.28517702515018,43.80912185602438
2010-10-04,Delhi,18.228944767252436,60.20038951686044,43.51290588729034
2010-10-05,Delhi,22.841379353647902,62.15501633560321,41.44749959976419
2010-10-06,Delhi,21.27791579110004,65.88644429830285,39.03827822095408
2010-10-07,Delhi,18.76196977798768,56.51728875127995,38.55229963345917
2010-10-08,Delhi,21.111027856629914,60.492115255298344,44.445049938098066
2010-10-09,Delhi,18.669169681845915,77.3363043152525,42.96919775359191
2010-10-10,Delhi,22.968148372905347,57.305818905870765,38.96651114903133
2010-10-11,Delhi,22.938003762225343,54.48706415248885,45.72108522992386
2010-10-12,Delhi,21.93094769492779,64.26055609651277,39.72870001891889
2010-10-13,Delhi,21.644838707437465,77.98410477992876,36.1847222982149
2010-10-14,Delhi,24.50137169801054,68.80776826485848,36.723137402034865
2010-10-15,Delhi,21.03873343626138,66.2522715632986,35.70501738142103
2010-10-16,Delhi,18.738852372609845,71.47138984551043,39.32315116388446
2010-10-17,Delhi,22.067649986941607,53.70903215523445,46.94602571423495
2010-10-18,Delhi,25.40974583315517,76.26001173999315,36.849827563009335
2010-10-19,Delhi,19.27991585067676,75.30265482518183,41.92124847918744
2010-10-20,Delhi,20.6611105923406,67.5390236362285,37.804625523320084
2010-10-21,Delhi,22.29433149678395,81.8635633797073,39.9013336348049
2010-10-22,Delhi,21.433818013759268,60.70992214578186,33.773049363615236
2010-10-23,Delhi,19.659976003453405,83.4528394251598,40.346475182633384
2010-10-24,Delhi,23.954002835294595,73.91579802445347,40.6120473466425
2010-10-25,Delhi,26.438801562181183,69.21063445565825,44.418879956471805
2010-10-26,Delhi,22.282124790021456,72.5908492622378,42.976128310224134
2010-10-27,Delhi,20.175554724005565,71.93842625232328,36.01542198219491
2010-10-28,Delhi,18.982265485297564,85.44338857039071,47.581364291026745
2010-10-29,Delhi,22.695276863008726,62.711183426988946,43.3701650022427
2010-10-30,Delhi,24.488837635190084,66.09805645420671,43.47413348300257
2010-10-31,Delhi,23.335771945694795,84.33933827883689,42.604961138482366
2010-11-01,Delhi,22.48755273540426,68.28173189988732,40.23593359837284
2010-11-02,Delhi,21.423285781146113,83.51081802749009,44.09266986819308
2010-11-03,Delhi,20.52948867821904,91.77580766105274,45.565574066953346
2010-11-04,Delhi,24.497796388991688,71.04693093960944,34.642109015956066
2010-11-05,Delhi,24.772777709747025,82.16932666668062,40.87666474722123
2010-11-06,Delhi,19.973149836544923,64.11690541638058,42.49448396783483
2010-11-07,Delhi,26.366067074614598,83.50650033543778,45.25363126497785
2010-11-08,Delhi,24.45868587422023,78.26587015716436,50.14764189450008
2010-11-09,Delhi,26.236230779583828,81.32150728947886,40.53537890560057
2010-11-10,Delhi,20.881596234190386,70.46183447312791,42.12189422823203
2010-11-11,Delhi,20.965293604383497,60.6399915899714,42.271213277196
2010-11-12,Delhi,23.532340503499857,82.6233580165984,41.05292029554619
2010-11-13,Delhi,24.97139862415053,57.30345778628588,43.55572706515897
2010-11-14,Delhi,27.696281262894804,75.11717392869728,49.381130334021606
2010-11-15,Delhi,25.655591604812514,88.06211999574646,40.49769007754277
2010-11-16,Delhi,23.90005417585946,80.93522754718094,48.14990543473157
2010-11-17,Delhi,22.476733912431538,98.8718434311881,37.74943350543497
2010-11-18,Delhi,27.135564957108844,90.01778296082938,43.70443764113005
2010-11-19,Delhi,22.89424296607578,73.61197756947585,45.11986113406449
2010-11-20,Delhi,28.230641499194828,80.81424696746492,55.40170714387069
2010-11-21,Delhi,24.556907691885204,80.46332394785031,45.917342458433005
2010-11-22,Delhi,28.460696660827022,65.51682991331268,36.55284766392805
2010-11-23,Delhi,26.79309387896729,72.34170473170268,37.83601806339123
2010-11-24,Delhi,25.318742151507443,76.55059032137848,48.27561419251813
2010-11-25,Delhi,24.713204521809736,62.2137867678266,51.452848809873515
2010-11-26,Delhi,25.231166682396655,83.47388199378288,50.5432441623139
2010-11-27,Delhi,26.93228025307427,80.93622215844098,49.789144265652546
2010-11-28,Delhi,26.39426127705244,67.1309058407353,55.051194556762354
2010-11-29,Delhi,25.21822111020709,88.3396604318068,46.83373174900334
2010-11-30,Delhi,26.242027740843692,91.89859913134647,54.301133903092044
2010-12-01,Delhi,26.899398557838524,87.45707828384957,41.964414571668364
2010-12-02,Delhi,22.655193410012494,82.39730304443665,45.900584032993905
2010-12-03,Delhi,28.000833520548884,92.007913390433,41.693787607283895
2010-12-04,Delhi,25.29826413316228,93.35532335255459,49.66118666184282
2010-12-05,Delhi,25.12557926808419,90.09076792068394,51.113182062659654
2010-12-06,Delhi,24.233375279655412,79.23806941728289,52.22663540888626
2010-12-07,Delhi,24.197335112204485,90.72136797893259,52.2796569803162
2010-12-08,Delhi,25.252470931339346,100.38490432094656,47.64896522106921
2010-12-09,Delhi,26.724712655832285,82.94197312716251,51.65430492012045
2010-12-10,Delhi,32.22975705328941,110.36910972603314,45.439244213443814
2010-12-11,Delhi,27.453011652268454,84.61800367232276,60.06568688377898
2010-12-12,Delhi,29.042803595612412,90.68598028263041,52.05647640166269
2010-12-13,Delhi,29.671750526449763,84.12750730024796,51.45714491165575
2010-12-14,Delhi,29.317306043625603,93.5782353727843,62.17505298460822
2010-12-15,Delhi,29.085531503206962,74.41903834762408,48.34960418157175
2010-12-16,Delhi,27.03587952163963,86.87898315834715,49.2649985275164
2010-12-17,Delhi,32.51512743649892,81.91860501633582,49.745443055538175
2010-12-18,Delhi,33.4151781572341,94.69573808879791,55.222212831419256
2010-12-19,Delhi,26.623637613068432,103.7913387590305,58.0560681508156
2010-12-20,Delhi,28.129675719794804,100.81326057584819,59.93384314372429
2010-12-21,Delhi,29.807447873431208,71.14461206596674,69.43411370384528
2010-12-22,Delhi,28.62783620353681,115.79143190935037,45.666661315710556
2010-12-23,Delhi,31.759143385779076,98.83443624281072,60.29810250335678
2010-12-24,Delhi,29.481375146193248,88.62876724808942,54.81018623915179
2010-12-25,Delhi,35.45909516113885,98.47822826648634,55.00589030660743
2010-12-26,Delhi,33.70144920131273,99.18295426290352,55.18184338398168
2010-12-27,Delhi,31.937123793241227,91.26744002641473,54.08010310991372
2010-12-28,Delhi,33.75777585440692,100.43057665672312,67.39023082855218
2010-12-29,Delhi,34.10758473248716,92.89262877511456,63.5230544026146
2010-12-30,Delhi,30.959971462325157,95.43997938842472,59.77171276967017
2010-12-31,Delhi,30.647565510916078,93.13720864244917,66.75507876243502
2011-01-01,Delhi,32.62841968749764,86.1896877872785,52.78162229662232
2011-01-02,Delhi,34.38748836522335,102.49101305083622,54.034906575800285
2011-01-03,Delhi,33.134317469539376,107.401584381861,50.14255468349164
2011-01-04,Delhi,29.894031303641203,107.21290876483332,57.87897583542996
2011-01-05,Delhi,31.633999099472785,110.77819648847573,62.527788608272694
2011-01-06,Delhi,33.28307124728559,106.33645302357174,62.57632683861036
2011-01-07,Delhi,33.47074924034187,98.27898636481154,63.15087045328646
2011-01-08,Delhi,37.75787207471226,112.51500180770984,55.69029128693489
2011-01-09,Delhi,31.23111232184482,91.05408922150909,67.10195012635573
2011-01-10,Delhi,35.20410992548653,96.13208050031952,64.62400047482454
2011-01-11,Delhi,37.36049331508902,96.00480058106487,67.42980560419488
2011-01-12,Delhi,39.11394448953179,116.95369558745169,54.63827910942213
2011-01-13,Delhi,33.95042028367373,116.08553053152572,65.99588455407226
2011-01-14,Delhi,35.9295865654999,112.03323535062846,58.83462912053136
2011-01-15,Delhi,36.27305366555916,118.37989750560358,63.12044963956693
2011-01-16,Delhi,35.710545038447634,99.36591690190329,68.11098764386402
2011-01-17,Delhi,35.307133926327474,112.14042418502808,66.22511668889175
2011-01-18,Delhi,36.56116302556298,107.89589245585702,61.84072459422918
2011-01-19,Delhi,30.808204446484268,118.10691088962008,66.45675901476937
2011-01-20,Delhi,37.4193679760664,108.97344466230142,59.09278141566406
2011-01-21,Delhi,36.48911702908766,106.76085478119033,72.82485942301892
2011-01-22,Delhi,35.9722956353502,116.50082147233009,66.36807076033222
2011-01-23,Delhi,40.69035845387519,120.33159385922055,73.30601784614878
2011-01-24,Delhi,35.425011854478626,105.36118772771117,65.39710134863925
2011-01-25,Delhi,36.14578404799311,111.90505136484575,65.72599211021343
2011-01-26,Delhi,41.11086252991378,102.3988614400964,64.83457791781939
2011-01-27,Delhi,35.6381708077044,88.46627007728293,73.34545649327359
2011-01-28,Delhi,36.375272143155435,115.91110444122282,65.72384963141464
2011-01-29,Delhi,37.35328755429618,120.45106876601997,72.79765396439164
2011-01-30,Delhi,39.49922446585887,117.43393459566657,67.96324901485309
2011-01-31,Delhi,38.402314453227675,95.76451113801946,60.29360237758398
2011-02-01,Delhi,35.56890537935098,112.19397392020176,67.61674180837868
2011-02-02,Delhi,37.255714589128615,93.95667754563817,64.86456235895176
2011-02-03,Delhi,37.26964426525178,130.27007047157045,71.21821988176407
2011-02-04,Delhi,38.49257547246509,106.14050686755266,65.38199644744991
2011-02-05,Delhi,39.65969005179767,129.97804429821298,76.2458809726491
2011-02-06,Delhi,39.80367838138357,127.30049704566434,71.43915443745013
2011-02-07,Delhi,35.57274519305446,109.24840257809316,71.28155742850883
2011-02-08,Delhi,41.408349459530385,107.33355294054859,75.72039565775526
2011-02-09,Delhi,39.93946070089502,122.56667119056871,77.52818068818286
2011-02-10,Delhi,42.35535970553763,111.01564645921873,72.87209746185137
2011-02-11,Delhi,40.62474283700413,120.87388496885042,69.37669086709911
2011-02-12,Delhi,42.087082103800974,115.40503265691918,64.61902429609826
2011-02-13,Delhi,40.96361829513692,102.79999887205366,70.31080655929743
2011-02-14,Delhi,42.86703478292197,98.67906962030483,70.90310530779314
2011-02-15,Delhi,41.3610674948533,123.61654115339921,74.76841971059697
2011-02-16,Delhi,40.26060989007331,116.09374368557111,72.74714636022811
2011-02-17,Delhi,45.13903967053362,116.53161251977824,78.14800531953685
2011-02-18,Delhi,42.507795121525334,129.3678010218345,71.87452539757766
2011-02-19,Delhi,42.010546926794454,134.48359702068132,74.88091033530654
2011-02-20,Delhi,38.44153943576271,120.35699759290004,81.3082337536632
2011-02-21,Delhi,38.54634327578068,120.00288846302465,77.31504309119035
2011-02-22,Delhi,41.834887531851486,128.72980003384217,75.51872542669273
2011-02-23,Delhi,41.66465327728324,110.47147694824454,73.01749955381764
2011-02-24,Delhi,40.26714546005698,126.5777023176978,73.06462419657234
2011-02-25,Delhi,41.89673093224826,130.16315631729395,72.17646480128855
2011-02-26,Delhi,44.908960119745274,131.73742087515052,73.91837819840167
2011-02-27,Delhi,43.23698900544538,105.8510251440097,80.59069730641114
2011-02-28,Delhi,39.6761538957698,117.88096004773642,75.88690047408922
2011-03-01,Delhi,41.844621928472144,116.98028622003942,70.4264138186099
2011-03-02,Delhi,40.56463058559085,127.02256018598004,86.18997355989086
2011-03-03,Delhi,41.503517218625305,131.08419695200712,79.11766005861068
2011-03-04,Delhi,41.55344376817435,141.48912937276071,70.64663319630144
2011-03-05,Delhi,41.52452229938748,121.80978559010573,75.63038229298685
2011-03-06,Delhi,40.06603795257564,122.01320110647517,78.54704930718695
2011-03-07,Delhi,42.41482876498998,138.70713457286655,86.66323672253961
2011-03-08,Delhi,41.640064608158724,130.38960903086306,72.74199747241232
2011-03-09,Delhi,36.99081549716181,140.3056537433788,83.29962935111243
2011-03-10,Delhi,47.04136088479529,130.71353053747427,85.54826580644564
2011-03-11,Delhi,45.1959115966626,116.44395067755504,75.53347305108565
2011-03-12,Delhi,42.34595912956897,114.8643981904788,77.40955306453674
2011-03-13,Delhi,43.213601973752624,112.85276913222499,73.730381511674
2011-03-14,Delhi,40.90725646831641,135.15221383643933,78.00382462050155
2011-03-15,Delhi,46.713794021540785,140.57301302862723,78.94174666012346
2011-03-16,Delhi,47.185875228269225,147.32751493003283,82.52084566785786
2011-03-17,Delhi,43.77078683304159,137.40325145287804,84.76571610819933
2011-03-18,Delhi,45.567700506885764,140.73030343089508,75.66079811392191
2011-03-19,Delhi,43.93157810959205,123.42285032863577,69.64538378231843
2011-03-20,Delhi,40.96503253730471,117.77129207773115,79.45074293373193
2011-03-21,Delhi,42.86941796478879,137.93998743232382,81.09381705527538
2011-03-22,Delhi,44.00859410106484,133.71102202495678,80.93656477346705
2011-03-23,Delhi,42.88439898645297,130.6949270152285,78.1136226103345
2011-03-24,Delhi,43.40201839600346,133.57168965895048,80.42241040006674
2011-03-25,Delhi,43.6994229791611,132.99852110712004,87.42166823011988
2011-03-26,Delhi,43.7604220732086,142.66470580535417,81.7930289826916
2011-03-27,Delhi,44.06370694246676,142.82742573258494,78.05153779792816
2011-03-28,Delhi,41.872039598288346,135.36195271664812,77.44551037668313
2011-03-29,Delhi,42.59032191329977,138.4110913602962,79.11944663472262
2011-03-30,Delhi,41.4833315809969,135.11812586143827,88.16870003394686
2011-03-31,Delhi,46.03331611917131,125.38135773905054,79.07886649196683
2011-04-01,Delhi,39.88861351368126,137.5653689412171,79.90084307212027
2011-04-02,Delhi,46.42634727318123,116.05254907104951,77.58676531841323
2011-04-03,Delhi,46.908161601399264,140.52530394357956,85.48584240095697
2011-04-04,Delhi,43.54443598188509,118.02116206989065,89.77678058542405
2011-04-05,Delhi,38.95289743299932,132.79554769390907,82.21140846446478
2011-04-06,Delhi,43.44396789360712,121.44822746836351,80.34704255401053
2011-04-07,Delhi,44.04268478842934,135.3870491637652,80.08602038788513
2011-04-08,Delhi,42.15137205281632,129.45845321874336,67.94360304141955
2011-04-09,Delhi,43.14070385231806,113.78586233817032,83.54803560129318
2011-04-10,Delhi,47.22716630005011,133.867324017155,80.44438388462603
2011-04-11,Delhi,45.489335824241785,123.7992367305878,81.86067325258024
2011-04-12,Delhi,42.300137291043626,138.29926376753315,76.10122006918111
2011-04-13,Delhi,40.940938577264035,129.4016676367088,77.66998943802434
2011-04-14,Delhi,43.46607087110414,133.23452637285143,77.4650863301315
2011-04-15,Delhi,43.67426840758974,119.58785634871971,84.55047885294643
2011-04-16,Delhi,45.07177620496727,123.1448111764483,77.46495647746582
2011-04-17,Delhi,42.98407206050617,124.31773009591362,89.68271258183196
2011-04-18,Delhi,45.05017732059668,137.32855931204443,81.32866843482111
2011-04-19,Delhi,47.86711804642491,145.38420077696827,72.69520663263026
2011-04-20,Delhi,45.59461784501024,120.39912988293639,78.32450013398363
2011-04-21,Delhi,43.83143441924266,139.05131574828943,75.59684725702633
2011-04-22,Delhi,43.52251252084772,106.40966621160592,67.7657145768085
2011-04-23,Delhi,43.13389304202005,115.97982392021649,86.61183332132853
2011-04-24,Delhi,46.164189046835226,118.14093710392504,82.00152715496189
2011-04-25,Delhi,42.501209368691335,114.0024218873746,81.01770911068444
2011-04-26,Delhi,43.79649171894213,111.48225500495069,79.03911090338285
2011-04-27,Delhi,43.75595382700902,131.2306631911185,71.1570282030315
2011-04-28,Delhi,42.59482452172603,124.73450174476865,75.498700116921
2011-04-29,Delhi,40.79564213052672,130.4357736549359,81.97005032650992
2011-04-30,Delhi,44.126071046970694,133.3050929804212,72.3441439305582
2011-05-01,Delhi,43.29505524338245,128.80735949300498,64.77527979293237
2011-05-02,Delhi,44.35190221937225,132.4718956030011,76.12731252209359
2011-05-03,Delhi,42.21602108461994,124.9343422300721,76.37765562485885
2011-05-04,Delhi,45.65413317115672,113.48753783753446,77.58279822913481
2011-05-05,Delhi,41.38570723176268,135.65590619076707,80.36110280594542
2011-05-06,Delhi,46.487622555274875,118.89950463390602,79.71511303563423
2011-05-07,Delhi,39.490107494802636,115.14017855575324,77.62461005513792
2011-05-08,Delhi,43.77433959232323,122.41521963158436,82.10725586685244
2011-05-09,Delhi,43.77269000287941,114.75737672051335,68.32880837158575
2011-05-10,Delhi,41.14538441490538,119.39519183246712,78.23590617396124
2011-05-11,Delhi,43.49762828939243,126.6870604566459,78.63037264402553
2011-05-12,Delhi,45.11792346742575,126.40007577617754,69.07996082540966
2011-05-13,Delhi,38.03303059661195,113.60170416170396,67.53898350722822
2011-05-14,Delhi,43.37770972346759,117.35960659597043,71.09472958459392
2011-05-15,Delhi,37.28903390020472,132.63005667029705,71.28344386915329
2011-05-16,Delhi,40.2454395297132,126.49430858761826,78.12063559103139
2011-05-17,Delhi,45.334168830873665,141.91815869670074,71.03897828368808
2011-05-18,Delhi,40.80924820208567,132.5997185440246,69.58388194633353
2011-05-19,Delhi,39.51997416595222,131.86613296990987,70.55729950606752
2011-05-20,Delhi,41.36476318416597,106.16323042184798,78.95443895504172
2011-05-21,Delhi,45.78737624841796,127.29329423260678,73.16834401606647
2011-05-22,Delhi,37.877182637953595,118.73057338012781,71.94483913794673
2011-05-23,Delhi,39.32500832267966,113.35306640249254,72.02522879841143
2011-05-24,Delhi,44.30770936599253,120.13869140422511,78.76599367089918
2011-05-25,Delhi,44.91164531932469,127.50083724286252,68.28662263148223
2011-05-26,Delhi,40.87099007434417,122.64187347881631,78.33324650054999
2011-05-27,Delhi,38.47961727398996,108.42843002370913,72.52792685269401
2011-05-28,Delhi,45.02757962772009,124.21226700823149,70.38968833832679
2011-05-29,Delhi,43.9012891689049,109.98133773545989,83.40931126048443
2011-05-30,Delhi,41.945194457143806,118.08873263450087,65.33640351424569
2011-05-31,Delhi,38.83581921228368,112.44837105570424,68.55281902248203
2011-06-01,Delhi,40.23435945278169,112.848591886017,63.86268007309552
2011-06-02,Delhi,39.88200690899724,122.25061096366579,74.48776399485465
2011-06-03,Delhi,40.733297685969795,103.73284803205694,77.86913482173567
2011-06-04,Delhi,42.84106981134726,133.1291515480231,77.46774777719237
2011-06-05,Delhi,41.564021925779755,95.0047028375699,74.93011945273992
2011-06-06,Delhi,37.51525124572603,106.77333336653805,67.51190446041126
2011-06-07,Delhi,42.286552488195284,115.98279766388605,66.36091428886319
2011-06-08,Delhi,40.02216704659098,117.6508499640471,59.51595667065901
2011-06-09,Delhi,40.631211243757484,110.3264817504019,77.73352697998826
2011-06-10,Delhi,42.05021902585488,110.27750489187761,69.57916500533769
2011-06-11,Delhi,36.752962627680226,114.47387023339817,64.45246172906725
2011-06-12,Delhi,38.76243366483238,107.57155969215911,73.22845408942544
2011-06-13,Delhi,37.628161306639846,123.32502380742386,61.398318234916545
2011-06-14,Delhi,35.41140934200399,117.29487572052075,67.96736655658317
2011-06-15,Delhi,39.095726707202,117.13516376603282,64.74146783253013
2011-06-16,Delhi,43.27976803044892,98.24839754813604,68.46669555396164
2011-06-17,Delhi,34.43006631579785,106.61678117037104,64.62257591368811
2011-06-18,Delhi,37.89849548020718,103.90451061971133,57.35147394905612
2011-06-19,Delhi,39.09629502454751,96.34961370629922,64.64830017214611
2011-06-20,Delhi,37.91288530124813,109.50182853326497,69.17777850524834
2011-06-21,Delhi,37.29140975222414,100.0165399939687,63.44924968524132
2011-06-22,Delhi,34.76963740249352,111.43824868665789,67.13171586671578
2011-06-23,Delhi,37.683565455079076,93.67206027865294,57.688336510027234
2011-06-24,Delhi,35.553953820493966,121.05285145199565,62.44365958270237
2011-06-25,Delhi,32.53674666125985,94.38644362773024,59.11062786699102
2011-06-26,Delhi,39.15455193919945,105.02912586652033,65.62563919686752
2011-06-27,Delhi,38.53063643201872,110.24018748088457,61.705187395979245
2011-06-28,Delhi,36.565454727360084,96.09999401897265,64.65463392899892
2011-06-29,Delhi,36.76837170645671,109.81535342446543,66.29899679087994
2011-06-30,Delhi,38.306820427702455,88.48271722880983,63.9744616801496
2011-07-01,Delhi,36.45474928244305,114.77938689848627,61.53773210924199
2011-07-02,Delhi,37.66196514063574,99.88328274299694,54.836798769669215
2011-07-03,Delhi,35.10685119598097,93.26133271349723,59.469700642122845
2011-07-04,Delhi,38.17374514710259,95.71751528558976,56.47410332983023
2011-07-05,Delhi,36.03943867820744,106.2827943729534,57.07541466916301
2011-07-06,Delhi,35.63423909487711,91.83385270449173,56.579599661579486
2011-07-07,Delhi,32.55451032440394,89.67032061125624,53.20963712974479
2011-07-08,Delhi,35.51732163738647,94.43486381051179,47.980126911896164
2011-07-09,Delhi,33.12860839048529,84.3679335487229,54.08432120930955
2011-07-10,Delhi,33.36544257774427,113.83146317182192,58.050913321223305
2011-07-11,Delhi,32.861178613982595,89.45184369969728,50.002974514092216
2011-07-12,Delhi,45.65558106384762,102.92317029003716,56.48307946784688
2011-07-13,Delhi,38.44281390809816,96.19451414267044,65.5678843256833
2011-07-14,Delhi,36.70746896957884,83.74903203198645,60.84486446746528
2011-07-15,Delhi,37.737678301982406,93.03128280095436,63.611594140990405
2011-07-16,Delhi,31.303988156079516,100.42936237867943,57.01519577504493
2011-07-17,Delhi,33.745852572541715,90.20742186729672,60.564239260372084
2011-07-18,Delhi,30.870677997599643,103.5242092025338,50.77556284367674
2011-07-19,Delhi,31.921482052870967,101.31376934961393,50.84404227942028
2011-07-20,Delhi,43.71763520069946,99.79593731850849,40.04215815059611
2011-07-21,Delhi,35.50508319063782,85.52117781053413,59.34255772572089
2011-07-22,Delhi,32.09141751708915,78.83320614206312,60.78937364568476
2011-07-23,Delhi,34.879621360090354,83.01271202447904,49.9998391586683
2011-07-24,Delhi,33.81116212713739,90.63117045054827,51.17608216393453
2011-07-25,Delhi,37.07137473764491,93.65015883562955,48.35888389841586
2011-07-26,Delhi,29.367551965564342,66.00360718792689,53.72614858107504
2011-07-27,Delhi,34.70846307987806,87.16885778479588,57.124655927125126
2011-07-28,Delhi,34.3476938972965,88.36532872271698,42.47576444358489
2011-07-29,Delhi,29.974175388861344,83.5473566315907,52.92905878304208
2011-07-30,Delhi,33.80267159620768,98.77795315994287,49.193450987926994
2011-07-31,Delhi,32.32956285496555,89.629619529248,50.84151781765964
2011-08-01,Delhi,31.07262934563543,98.0646646774357,52.27013373945595
2011-08-02,Delhi,29.751505115897476,82.3585230660221,48.73773998581884
2011-08-03,Delhi,29.834480615482295,93.45287348021125,48.86746476973243
2011-08-04,Delhi,35.24721980616535,99.99345078905566,48.02581539141379
2011-08-05,Delhi,31.025473013813208,96.32925662042132,53.659795760737886
2011-08-06,Delhi,32.466537324019676,71.86541602858293,50.618354442550995
2011-08-07,Delhi,29.200348713740155,79.82968165580199,49.347212642837334
2011-08-08,Delhi,29.104053475307495,78.49963104875435,41.61276013004013
2011-08-09,Delhi,32.71112361886661,86.43400735186344,45.80140928466767
2011-08-10,Delhi,27.73321943093859,88.00065111227029,51.918089509779186
2011-08-11,Delhi,29.489025331823825,72.34943186264573,47.347388600888344
2011-08-12,Delhi,30.276491250053613,81.02369442289682,50.194530203763996
2011-08-13,Delhi,30.322106561544775,59.75881075203263,55.4712817173675
2011-08-14,Delhi,29.634079335197523,93.99624777370842,51.57756215650376
2011-08-15,Delhi,30.678827293322076,74.07782078662375,46.60016715075917
2011-08-16,Delhi,31.16987541056385,79.39113109522964,43.333381946877815
2011-08-17,Delhi,31.152505954159043,75.37319544984054,32.87871374620127
2011-08-18,Delhi,27.612816841799475,89.57354912753951,44.56692430590599
2011-08-19,Delhi,28.919469695656446,49.388275260568335,43.54549730394384
2011-08-20,Delhi,31.782857448433795,77.25389175078067,46.89849442133671
2011-08-21,Delhi,31.090408247242312,76.02515404130673,43.9527016093157
2011-08-22,Delhi,26.465440683367465,72.21711488307196,42.90039387547521
2011-08-23,Delhi,29.826461249917262,93.69276980399488,35.39000824588961
2011-08-24,Delhi,25.081720863424227,67.24121949796383,39.376503578597365
2011-08-25,Delhi,29.04907034091129,83.52356338272828,46.25365627758389
2011-08-26,Delhi,32.670153519032795,79.06638634368336,52.24877712674515
2011-08-27,Delhi,26.900672578222935,87.82456656363787,42.985289106793694
2011-08-28,Delhi,27.052099114830472,68.25034476966584,44.92054577949789
2011-08-29,Delhi,40.54179701015204,67.31283928817051,47.857409637702766
2011-08-30,Delhi,25.491175272082444,85.33103398227918,38.85908692400221
2011-08-31,Delhi,27.243068659730806,78.35894924180376,44.571227655428984
2011-09-01,Delhi,29.635819088070285,58.39943697195277,38.86342309415277
2011-09-02,Delhi,27.111306264885837,68.20658373616122,46.723878112984345
2011-09-03,Delhi,27.847486799283132,77.22210685959583,42.99586878716881
2011-09-04,Delhi,42.00009971092,81.50246349341863,43.575473255209026
2011-09-05,Delhi,29.049534143826286,66.10701939832992,38.01989096641337
2011-09-06,Delhi,28.687590491648642,43.5393011990041,45.323069196169605
2011-09-07,Delhi,27.425919180865993,77.70472307558853,52.07189208496722
2011-09-08,Delhi,28.797215008606972,60.06807143476744,36.4746270789971
2011-09-09,Delhi,27.765295329420695,51.90489408763651,39.686726341002796
2011-09-10,Delhi,28.88679775689726,43.570300361295644,42.42041044493183
2011-09-11,Delhi,26.93852451585984,79.85697430026478,45.076808192170674
2011-09-12,Delhi,27.531246251119203,72.83532710368452,38.23503697330922
2011-09-13,Delhi,25.883274448591518,69.13300629396412,26.761228616677393
2011-09-14,Delhi,27.762806610114566,85.12870912000872,47.6215911310742
2011-09-15,Delhi,26.18329278710082,77.46913037330627,44.53311962663774
2011-09-16,Delhi,25.552529269435375,87.12486693649726,31.926506687085396
2011-09-17,Delhi,28.27614032942017,56.909099379458205,37.519792108520996
2011-09-18,Delhi,28.165374045391637,70.37417724148932,48.320701134989264
2011-09-19,Delhi,29.28961055344224,54.44445550115515,47.64670825937954
2011-09-20,Delhi,26.848483341049977,68.21838012204586,45.03466907379508
2011-09-21,Delhi,28.51662419403521,67.93539696341833,39.40047483092408
2011-09-22,Delhi,28.79481924222392,76.6058086656605,40.641385289415744
2011-09-23,Delhi,28.578406975728647,70.72221689161533,39.52308969450028
2011-09-24,Delhi,26.036124141721576,76.43636590477672,45.7760619309959
2011-09-25,Delhi,27.987673853535405,77.18124199836802,35.7186817455105
2011-09-26,Delhi,28.421691574567618,91.64951972120633,36.03782369049558
2011-09-27,Delhi,27.71518532516196,66.90951862117699,45.09302971687224
2011-09-28,Delhi,23.5382475274075,60.623381525785206,39.80059841074152
2011-09-29,Delhi,28.045516441073385,72.47444773254335,46.9014111635219
2011-09-30,Delhi,32.16589549224711,61.97969996896243,36.64410579200251
2011-10-01,Delhi,27.04001406512413,84.81988549227967,39.72629340358207
2011-10-02,Delhi,26.32616078449045,67.17476455115096,35.39256503618242
2011-10-03,Delhi,28.554197007025962,64.36673598406959,40.05181318232417
2011-10-04,Delhi,28.460402209377502,65.33378015382189,32.63855689189472
2011-10-05,Delhi,30.252220599751276,77.26442504147174,37.61533343306208
2011-10-06,Delhi,25.38507372671043,68.54496028326977,32.900350752415825
2011-10-07,Delhi,29.400581436210466,63.75679459187762,43.58525802807725
2011-10-08,Delhi,29.1586220283236,86.88685289369734,43.73850251043961
2011-10-09,Delhi,27.73638197524538,61.74032674076191,31.55003644583121
2011-10-10,Delhi,28.743880211903512,70.73517746851034,46.922439879623134
2011-10-11,Delhi,30.17417679567579,76.98884701353953,52.797599297057424
2011-10-12,Delhi,29.91156605734081,54.24745478768098,40.60390252824952
2011-10-13,Delhi,25.935477960795975,75.46715476888956,37.237461868763646
2011-10-14,Delhi,29.91931182178676,60.22590959002288,54.63964385156682
2011-10-15,Delhi,28.20998357141989,79.12591015279482,34.003879071457305
2011-10-16,Delhi,40.14629595078247,61.40129175116459,40.785733581248394
2011-10-17,Delhi,28.61509614328038,78.09379680231957,41.6755156857136
2011-10-18,Delhi,28.237165756484423,82.37128586518995,47.60104157042395
2011-10-19,Delhi,30.992849831262596,80.08266976747345,42.77756454973087
2011-10-20,Delhi,28.51660020603015,74.14527485956674,38.59490277251489
2011-10-21,Delhi,26.522347163814704,69.49130883244614,36.44695698922231
2011-10-22,Delhi,28.054567999831292,66.2206873719638,39.614146322310816
2011-10-23,Delhi,29.28197259782899,86.88409640079513,36.41452952369035
2011-10-24,Delhi,31.468716691427755,65.37590916682453,41.81970084459072
2011-10-25,Delhi,30.304909488044334,62.205499618740035,38.896459336990894
2011-10-26,Delhi,27.48879131447955,79.44327496624922,34.389534777498525
2011-10-27,Delhi,34.25407113683535,65.04970587856775,48.28311154882965
2011-10-28,Delhi,29.90973715736047,63.73992463155226,39.67201045366383
2011-10-29,Delhi,32.03010637656439,59.04193208000143,35.977965776256156
2011-10-30,Delhi,29.277654081403114,68.89415045106752,41.64087022467743
2011-10-31,Delhi,30.752154942114927,73.14915911914716,42.992730735246354
2011-11-01,Delhi,31.47129742627878,76.6679985283329,34.092387206588775
2011-11-02,Delhi,32.33821850823323,84.01854969716901,44.66189650507826
2011-11-03,Delhi,32.12855255441167,80.05042706762359,37.95184404385911
2011-11-04,Delhi,31.872687736487876,73.15615901349398,51.93173151863778
2011-11-05,Delhi,29.615061004587638,73.37374663713037,46.190271494335384
2011-11-06,Delhi,29.221117326014273,80.755402918931,41.769718869306196
2011-11-07,Delhi,31.151604138901625,88.68486898404538,40.246939384919706
2011-11-08,Delhi,32.47679957711436,77.53477229212868,43.656248327046335
2011-11-09,Delhi,30.291600087739024,71.89981592577261,47.458036686500925
2011-11-10,Delhi,32.99619566258939,66.98889518262641,44.48423281939524
2011-11-11,Delhi,33.90217540618673,62.79877310152087,43.748089794744466
2011-11-12,Delhi,29.29763728488761,84.25353408953859,45.35240970015837
2011-11-13,Delhi,29.591988362767587,83.717274547476,42.272364884535506
2011-11-14,Delhi,31.122809499230204,84.06431410218926,43.81108959986656
2011-11-15,Delhi,32.15865911356064,77.3637068680262,35.33790535983948
2011-11-16,Delhi,30.636282701949426,93.08559764736809,50.8794646132289
2011-11-17,Delhi,34.533877685497615,74.5472320374418,47.75293355713546
2011-11-18,Delhi,32.82369753470744,89.3193838070837,42.64384840317393
2011-11-19,Delhi,32.20254791405869,79.76353250283618,56.260982541930616
2011-11-20,Delhi,29.401885341913122,74.45760552215717,47.4624911812623
2011-11-21,Delhi,29.794045358243213,86.86233404647228,42.110636122320464
2011-11-22,Delhi,33.14155101615493,85.4349587336139,51.842752138534934
2011-11-23,Delhi,28.470040046539065,85.31542148921548,49.82070368024379
2011-11-24,Delhi,34.91800794968051,82.97098361173907,50.07836618820582
2011-11-25,Delhi,32.73568957671734,82.19706097921765,46.25521650766602
2011-11-26,Delhi,39.69916837627829,106.88266723997083,50.918443493067805
2011-11-27,Delhi,37.99147936955602,95.26950705693312,47.64250228554212
2011-11-28,Delhi,33.17705014612198,91.08811380370615,52.01960382746323
2011-11-29,Delhi,33.49316992128186,85.41552336106737,40.0069655826358
2011-11-30,Delhi,35.86445358948302,94.81144369040356,47.657213808061975
2011-12-01,Delhi,37.448589718236306,90.3666812591152,58.73526448584143
2011-12-02,Delhi,30.936603483970085,85.9000323242667,46.589985920682736
2011-12-03,Delhi,30.81174636026211,83.0578486202553,47.709803094477046
2011-12-04,Delhi,33.31363697148713,85.74394637116079,48.795606472941905
2011-12-05,Delhi,35.89771924084341,55.3124748647065,45.27045746954815
2011-12-06,Delhi,35.90181115489202,89.59020031460692,40.614724066612396
2011-12-07,Delhi,37.224663017907965,83.07059952271719,50.81730822326246
2011-12-08,Delhi,32.863970880833314,104.3567977955206,52.966028995536135
2011-12-09,Delhi,30.810466845155513,89.10170442139736,52.342983799493275
2011-12-10,Delhi,37.33926716884057,77.50008213935922,52.20208474673312
2011-12-11,Delhi,34.14837845812839,89.37551147089542,53.46474636236967
2011-12-12,Delhi,31.950327654299077,79.90069929860401,58.68881412390652
2011-12-13,Delhi,36.460915245355864,95.58643741743599,52.949344577228125
2011-12-14,Delhi,37.94152704763126,94.25500065697655,51.359938456951454
2011-12-15,Delhi,36.29630416041639,101.41965158505951,53.15520942487746
2011-12-16,Delhi,35.810770276473136,84.43058322956871,57.78966789646012
2011-12-17,Delhi,36.594547875648686,93.17989798210296,62.28667907259725
2011-12-18,Delhi,36.359619345156766,79.69213665560865,52.42085104407077
2011-12-19,Delhi,34.59286077743347,100.86181282318856,56.39257893777203
2011-12-20,Delhi,36.0483715475867,99.5419105091039,57.927253012814916
2011-12-21,Delhi,38.70962836821285,99.81925588483136,51.61124708272633
2011-12-22,Delhi,38.50026887611019,95.38692569364098,57.01590942277897
2011-12-23,Delhi,38.38333189080099,100.02936574448995,49.92605527102422
2011-12-24,Delhi,36.24762258729971,112.43714973610538,48.75058758331595
2011-12-25,Delhi,38.065976701254314,94.05600650615679,59.77169809051257
2011-12-26,Delhi,34.26622191973983,98.80750787497745,56.361330318597155
2011-12-27,Delhi,39.168929059747576,87.07466420411627,59.63535350205969
2011-12-28,Delhi,41.86151874339459,89.76880036731905,58.87813177049316
2011-12-29,Delhi,36.24751961968833,99.9454845822507,54.4295675242261
2011-12-30,Delhi,38.21601109180614,110.52293478234401,59.429461367061606
2011-12-31,Delhi,40.238213557420266,97.43719175748429,53.834493474925736
2012-01-01,Delhi,42.27781883041332,98.1572353915538,67.2991289131237
2012-01-02,Delhi,39.067766883627165,96.96379590363863,53.9085805081551
2012-01-03,Delhi,38.77169601370075,96.20102330825439,60.05346698962217
2012-01-04,Delhi,36.410177983191026,105.01378736115781,56.16469059581016
2012-01-05,Delhi,40.74652424599068,87.60636751033695,64.57140184155291
2012-01-06,Delhi,44.81516905476184,115.90244669009033,60.404877092541184
2012-01-07,Delhi,41.47679737292288,96.95201836568597,59.810827299881005
2012-01-08,Delhi,41.06822976276522,111.33739801777936,67.01158316752307
2012-01-09,Delhi,41.94725282817679,91.92927864598968,63.233329371673385
2012-01-10,Delhi,41.47074743391757,111.8271956309065,66.00908511330938
2012-01-11,Delhi,40.05623835391218,112.36624737344229,58.857904514277564
2012-01-12,Delhi,43.517604830041606,109.99515571611755,57.07800527773485
2012-01-13,Delhi,42.510738176265164,96.71336017212704,64.97447007028397
2012-01-14,Delhi,42.28195416392681,109.65566487615928,63.17922354264534
2012-01-15,Delhi,40.482800896605376,95.83003700614172,68.23923926459346
2012-01-16,Delhi,45.22659743921057,105.63111217506132,65.03962088736935
2012-01-17,Delhi,44.13422981947231,118.94860399597152,66.79502535378533
2012-01-18,Delhi,41.88337057182828,117.11465601039609,57.98151184341956
2012-01-19,Delhi,45.17634632428752,109.78991927617527,75.86757793191858
2012-01-20,Delhi,42.360087319170724,100.37762122859498,65.92924806672211
2012-01-21,Delhi,41.97275423674164,117.06616078703308,70.56145729522343
2012-01-22,Delhi,42.19783919394615,111.28554866370044,63.214032506715334
2012-01-23,Delhi,40.35449695625989,88.36674620500398,69.25331763595885
2012-01-24,Delhi,59.07955131646674,119.87093793934437,61.51553596649573
2012-01-25,Delhi,40.58964626944647,112.27347973967258,70.6042112435447
2012-01-26,Delhi,41.970868262972786,125.00778025634365,66.87564142907947
2012-01-27,Delhi,40.451117399247046,102.49417506378428,69.11053935448605
2012-01-28,Delhi,44.60336332344672,82.13946999512552,72.7608755687075
2012-01-29,Delhi,44.64669748061414,117.1528537869255,63.41197524621436
2012-01-30,Delhi,44.46436307522705,117.72890327161905,66.45305235013556
2012-01-31,Delhi,43.20155404917989,98.35341203949862,72.46004028247592
2012-02-01,Delhi,43.109688566782225,105.91747276230045,80.95941952004475
2012-02-02,Delhi,46.548791442476144,143.692332583348,70.06969175745859
2012-02-03,Delhi,44.683249268259225,113.51695325349056,74.00438685297205
2012-02-04,Delhi,46.57973420598347,124.31064245249569,70.79917777652996
2012-02-05,Delhi,44.33750536228956,110.91740992993019,81.3272334428575
2012-02-06,Delhi,46.6293923551498,96.93877162029133,63.158425404388986
2012-02-07,Delhi,49.03132477578339,116.55172363549472,72.64264262564932
2012-02-08,Delhi,47.75279908519424,116.00535685036498,64.31321480100704
2012-02-09,Delhi,45.90949537246881,115.06418664002162,60.17578816511996
2012-02-10,Delhi,47.400693551061664,118.31247847598551,74.45990148628871
2012-02-11,Delhi,46.555015833362354,122.49172126372471,73.93018134558285
2012-02-12,Delhi,47.200196557718904,118.7321390524503,72.0646876879479
2012-02-13,Delhi,46.679305567939664,107.97152133723637,73.21008489427457
2012-02-14,Delhi,47.145912858745696,125.84559772716881,89.48066371138923
2012-02-15,Delhi,48.04075292896609,101.85598111522901,72.94225675547833
2012-02-16,Delhi,45.76972298379522,101.20574657603537,77.02350257216862
2012-02-17,Delhi,45.862412575659896,129.45431563593525,71.4615163612103
2012-02-18,Delhi,45.25263576930313,127.47936535225023,76.41560462913412
2012-02-19,Delhi,44.96251587577821,122.17522060361651,73.97494779429317
2012-02-20,Delhi,45.85958288439842,109.12795975896742,73.3357041240301
2012-02-21,Delhi,48.741883524316016,116.3297661253825,84.70040968241713
2012-02-22,Delhi,46.76388153658401,121.10090222583828,81.70483795105724
2012-02-23,Delhi,49.700839810208954,108.08189295949917,76.71095500048968
2012-02-24,Delhi,48.86481808757873,116.9558851899885,64.70972150042738
2012-02-25,Delhi,44.97775710614804,131.1675999808392,74.62448494978544
2012-02-26,Delhi,50.34165743210146,139.2081724338664,90.13855034934159
2012-02-27,Delhi,50.76778134752821,121.02420464244885,75.65905977949103
2012-02-28,Delhi,47.27044556560556,133.05939628898682,82.51242969081885
2012-02-29,Delhi,50.20802266854801,106.62231804239941,84.38499117527907
2012-03-01,Delhi,47.76156707247757,132.61820305302402,78.4439466738718
2012-03-02,Delhi,49.774257804939104,118.23726700705248,73.3087259435441
2012-03-03,Delhi,47.15167828552371,129.5954814653806,65.50478853995284
2012-03-04,Delhi,46.19360055952633,124.28191621138937,81.26044297223574
2012-03-05,Delhi,49.1106743172965,140.19306618740563,73.91883737892712
2012-03-06,Delhi,49.72268023547668,118.4660579006799,79.02102851549118
2012-03-07,Delhi,49.26592049462413,133.69990262117832,72.03345806575985
2012-03-08,Delhi,47.781651760721225,124.83406399853371,77.09323805198169
2012-03-09,Delhi,49.43561871152969,126.24319572727927,78.7194289460892
2012-03-10,Delhi,50.856961793390724,126.17657793309564,80.01971248167999
2012-03-11,Delhi,50.30877451917388,119.73895069331573,73.22301022207584
2012-03-12,Delhi,50.840965935469846,128.22690196374757,84.8964824923496
2012-03-13,Delhi,49.21033476204307,127.9052132676364,76.03665640224321
2012-03-14,Delhi,52.965784095351374,131.09944728182444,70.75234922957189
2012-03-15,Delhi,48.338951165613445,129.67894497309763,78.67747857762869
2012-03-16,Delhi,51.73251997072199,136.952143625768,79.4866752982294
2012-03-17,Delhi,53.184421404435,138.3370038160189,80.20422560288894
2012-03-18,Delhi,51.84282073722199,118.71678043689461,86.2926711218738
2012-03-19,Delhi,50.533434960926904,138.02317525107742,78.37472264643384
2012-03-20,Delhi,49.93647060939014,117.57582983704974,79.02803128358832
2012-03-21,Delhi,53.116913469613436,135.41277338394013,74.17355442887637
2012-03-22,Delhi,48.24754457341651,135.81787111884827,83.8497563623192
2012-03-23,Delhi,49.19907643011424,110.58480593599553,80.72019522213759
2012-03-24,Delhi,50.38710656319588,130.69645874783208,77.74430555188782
2012-03-25,Delhi,53.697486583963524,125.1415760732154,70.36098467055173
2012-03-26,Delhi,52.01872523355358,122.28991730506164,87.14044089821903
2012-03-27,Delhi,49.357158214061066,143.4282725002347,73.80809963988281
2012-03-28,Delhi,50.703738800785835,123.41627122829274,77.01231837626275
2012-03-29,Delhi,50.12385382420425,121.91373104601001,81.77672278017369
2012-03-30,Delhi,49.958107035331835,130.75000445944767,74.01258039651438
2012-03-31,Delhi,53.35768651447546,136.85561965506986,72.53226590345808
2012-04-01,Delhi,48.67568032802036,128.58101389954086,69.37859525959142
2012-04-02,Delhi,54.65302451834232,141.65009387731325,83.59591037827533
2012-04-03,Delhi,53.105256536219585,135.2761480871919,77.25166308806907
2012-04-04,Delhi,53.64089494986132,108.15540162864745,94.59469367967449
2012-04-05,Delhi,50.540709993491184,124.60509741755502,74.96140270692904
2012-04-06,Delhi,51.17117167284876,124.23473833950393,75.29485110486935
2012-04-07,Delhi,48.606264863624716,134.59131501231667,77.03817213392128
2012-04-08,Delhi,50.42181582580094,103.48525135606252,81.03795455556153
2012-04-09,Delhi,52.454085597609705,155.15042479414743,77.42253511072026
2012-04-10,Delhi,54.0516076232011,134.888705447857,82.78062406928917
2012-04-11,Delhi,49.23495188619492,130.97656459857637,74.76558908965636
2012-04-12,Delhi,50.70512504248437,141.20408791355618,72.68431524059189
2012-04-13,Delhi,51.11750706585863,152.7168570470973,70.52913731560183
2012-04-14,Delhi,61.568643100222275,137.87101234475585,68.32449309289524
2012-04-15,Delhi,52.562076313757444,138.5262644554381,76.76841056310599
2012-04-16,Delhi,49.90672482215627,130.2110167015683,77.76450940931687
2012-04-17,Delhi,50.936397467518916,127.3462769759494,76.01717120233
2012-04-18,Delhi,50.39291122248071,123.85247545886436,85.29064891854473
2012-04-19,Delhi,49.684938788682366,120.18972748321973,85.1073826482841
2012-04-20,Delhi,51.21352146294309,121.41269330471765,77.1812079305859
2012-04-21,Delhi,50.75759430581827,114.60088074543312,69.76802135994882
2012-04-22,Delhi,50.403523545822466,127.16300342428914,75.78095308048432
2012-04-23,Delhi,49.64598397857025,110.88204589352893,75.48670747427656
2012-04-24,Delhi,51.69488560215984,129.43667402321893,75.06599770979759
2012-04-25,Delhi,54.313280837926726,126.95483282240308,74.72349808239309
2012-04-26,Delhi,51.2333324889251,128.57002705360742,74.79980156786966
2012-04-27,Delhi,52.89062933717135,121.65386302184734,75.98407773520938
2012-04-28,Delhi,48.06012937598801,157.41032338068982,74.58344095851207
2012-04-29,Delhi,51.0956449183229,140.0015251210092,78.64185662259867
2012-04-30,Delhi,48.52232654915108,113.70576456043243,79.23596995371074
2012-05-01,Delhi,47.69757142543531,128.22294471576632,72.70961712508577
2012-05-02,Delhi,49.104478882580196,119.54960366312157,83.4417700250317
2012-05-03,Delhi,52.89628924235778,115.21267445351776,72.0046696378582
2012-05-04,Delhi,52.33928645152566,111.67704367131977,68.62950651929606
2012-05-05,Delhi,50.8495514313479,129.11279286930983,78.43097433130345
2012-05-06,Delhi,47.2199793946793,117.68233919268175,72.24372035684662
2012-05-07,Delhi,49.81223816043357,133.8726586298804,77.73605628020583
2012-05-08,Delhi,50.72522865562963,133.82330805878286,63.90531427014967
2012-05-09,Delhi,50.38757100994434,137.30863950447593,82.67527680898962
2012-05-10,Delhi,46.26125324670892,114.72265358027019,78.85914786754283
2012-05-11,Delhi,48.07825043186568,127.67031449063639,67.77538950999585
2012-05-12,Delhi,49.63851274702265,128.90454699238327,67.65945093140874
2012-05-13,Delhi,50.74480192752035,117.49487857441822,83.18576973745957
2012-05-14,Delhi,45.18331989866498,114.16900704866588,70.90425156423996
2012-05-15,Delhi,49.1525211857999,137.62551406803857,70.18261402985611
2012-05-16,Delhi,49.66193364082969,123.44246706053588,62.78141173139714
2012-05-17,Delhi,50.9720362459022,127.15811431372671,72.11173350973178
2012-05-18,Delhi,50.553449263245035,112.20244216603122,72.47687011536156
2012-05-19,Delhi,50.225781279752944,107.84907126118406,76.93874276811809
2012-05-20,Delhi,47.351682558686996,113.96019297135145,66.10773500325934
2012-05-21,Delhi,45.02454285811903,118.02142752319693,65.23966030352824
2012-05-22,Delhi,47.94152263183554,108.22068436970154,74.83006946579907
2012-05-23,Delhi,50.6161096500504,118.36008991239599,77.33934235540188
2012-05-24,Delhi,51.28314968729809,101.16367001606268,64.17671950890903
2012-05-25,Delhi,49.79895072752031,106.43308334407547,77.16327547734818
2012-05-26,Delhi,49.11640432464671,123.92228051989848,71.6631545655206
2012-05-27,Delhi,48.89517192087369,122.82558307508424,76.65081194357676
2012-05-28,Delhi,46.90016689188495,112.43844550235086,70.55370696322494
2012-05-29,Delhi,47.627179894512096,105.74425835408847,58.00321137579892
2012-05-30,Delhi,51.09876296181119,105.20783621521548,69.56141090873686
2012-05-31,Delhi,45.74730212287401,111.30457194396013,75.32555536227187
2012-06-01,Delhi,50.73228465250661,121.03336612971361,65.25672404675524
2012-06-02,Delhi,46.72753876775452,123.41724214365915,67.48336530894002
2012-06-03,Delhi,49.889931153274745,108.71188345043407,68.23746635241429
2012-06-04,Delhi,44.29155782450987,101.68063927066702,54.312806287667485
2012-06-05,Delhi,48.14181180202484,115.42844657774997,76.85674467657847
2012-06-06,Delhi,45.36001931626097,104.04532905821014,63.68024077682655
2012-06-07,Delhi,43.8653683827163,106.62518191108198,70.40048269549332
2012-06-08,Delhi,46.994147736861535,124.58399986048933,67.12065362333824
2012-06-09,Delhi,48.43608088448961,119.1225662075507,73.52236989639215
2012-06-10,Delhi,44.58624024952034,111.94811250263652,68.94252686555507
2012-06-11,Delhi,43.136052901328505,97.16306445560869,65.41354828688573
2012-06-12,Delhi,45.80738088068836,111.5071769027814,61.794565356120145
2012-06-13,Delhi,45.672257535180535,119.52795748608,69.92350989238051
2012-06-14,Delhi,46.79894600710116,104.65058359832112,56.237406984211226
2012-06-15,Delhi,47.45584407000905,121.42110568170736,68.5027619559396
2012-06-16,Delhi,45.29139144226436,120.33811830961014,59.44521985184435
2012-06-17,Delhi,48.97406333189465,123.5464984283531,70.86753171439544
2012-06-18,Delhi,45.56367864346855,109.45805872850741,65.0769160221094
2012-06-19,Delhi,44.27387588592197,111.77410369186742,67.15407663512208
2012-06-20,Delhi,41.59453113904996,119.53487045507777,64.00527578363484
2012-06-21,Delhi,44.14275108875284,109.35814975884526,54.49425478306536
2012-06-22,Delhi,43.84521807837648,99.36163482969413,58.61233812142081
2012-06-23,Delhi,46.288091367088754,99.37701695829884,65.93691023710853
2012-06-24,Delhi,45.14155731935067,105.73531975138825,63.066459229233125
2012-06-25,Delhi,41.70662925490676,89.93048827505379,67.79568452287234
2012-06-26,Delhi,44.2583735651567,100.88900522336196,63.56410239985512
2012-06-27,Delhi,45.10519511711603,112.77186950327632,56.37075609380256
2012-06-28,Delhi,46.66628504882097,79.3781284784831,56.88012397148744
2012-06-29,Delhi,45.23319233709945,116.11937422475914,61.03095575715884
2012-06-30,Delhi,44.827763277509845,111.48195209369226,48.60191960777324
2012-07-01,Delhi,43.27410202034345,95.14414393503459,68.19506949034117
2012-07-02,Delhi,43.77843960857558,104.65935507190412,61.692364877345135
2012-07-03,Delhi,45.34878747136702,98.74081027892736,65.27472832515376
2012-07-04,Delhi,40.03231243138277,110.49350536341305,50.8927147486383
2012-07-05,Delhi,41.84725655323145,107.50523705069553,64.67509621710701
2012-07-06,Delhi,40.84949500431553,83.16319027365392,69.26675955879476
2012-07-07,Delhi,56.58334288361544,102.52285392099094,51.162428080679526
2012-07-08,Delhi,44.55296257677576,94.08127613999011,61.28204542546722
2012-07-09,Delhi,40.74805945735911,96.45434979758477,57.08956578503898
2012-07-10,Delhi,37.01132113567596,87.83407060214635,49.02169049998845
2012-07-11,Delhi,54.164819771044776,112.08837311944148,58.869088144748105
2012-07-12,Delhi,43.32021856609906,104.50043150521847,60.234558228315215
2012-07-13,Delhi,42.42005065150181,86.19666089707644,52.72394892785985
2012-07-14,Delhi,42.05331579331503,79.74472382397931,61.22346919666388
2012-07-15,Delhi,40.48979159144168,88.73260827579347,46.725739356435305
2012-07-16,Delhi,38.345283600280354,96.43506167907285,47.25290941319163
2012-07-17,Delhi,41.78828189125677,93.99513818348574,55.07837347395944
2012-07-18,Delhi,38.944308187195844,103.62994366947774,54.19267000439156
2012-07-19,Delhi,44.83712305740265,98.50598599373372,50.154991739162945
2012-07-20,Delhi,41.466929594463735,99.81343579079316,57.45980253536882
2012-07-21,Delhi,39.02258026818477,92.90018462598236,55.74222531766508
2012-07-22,Delhi,38.820092197925064,75.25560077599708,57.05642074007473
2012-07-23,Delhi,39.71703193473318,86.71177573241205,51.83015851915937
2012-07-24,Delhi,39.28509338939184,98.79318909939266,55.14109580676237
2012-07-25,Delhi,41.8601079629037,87.2040919502849,49.58462930853761
2012-07-26,Delhi,39.86282893979256,92.28089348715085,61.769086651041896
2012-07-27,Delhi,37.89154867867799,83.59695331702382,47.12689546238017
2012-07-28,Delhi,43.001814435226976,76.02468070932777,61.40835327712238
2012-07-29,Delhi,39.1870215863018,84.63177412932296,50.751249581969766
2012-07-30,Delhi,40.494952280850896,88.50229321706583,43.39699140998248
2012-07-31,Delhi,37.61112885065273,78.40586840201229,56.8155604835275
2012-08-01,Delhi,39.42560734533052,82.16101582095774,50.30825912165774
2012-08-02,Delhi,39.194919500667055,74.68346613528217,53.641019528662525
2012-08-03,Delhi,34.66829703040119,94.83523601942143,55.21447082189995
2012-08-04,Delhi,42.354657596819514,80.26776455181437,50.497992522521606
2012-08-05,Delhi,40.78356624280185,97.3143874141321,45.563350417849435
2012-08-06,Delhi,37.28775684478329,97.65392093663489,53.12286184249678
2012-08-07,Delhi,35.75921988683906,81.14081845603488,47.971296272774524
2012-08-08,Delhi,38.54227722797383,71.45697467562667,51.12359709377554
2012-08-09,Delhi,37.90576725287045,60.278136784791585,36.65609083912601
2012-08-10,Delhi,38.33079076476082,66.01798787263517,49.39381432031799
2012-08-11,Delhi,37.89159122029733,66.60696103474085,43.70394373009315
2012-08-12,Delhi,38.411843336476515,93.74278034820904,54.90527090162199
2012-08-13,Delhi,40.18687730401345,80.73504358795898,49.499968549905155
2012-08-14,Delhi,52.08995880078382,83.09760843431056,47.33366419150694
2012-08-15,Delhi,34.98485290110834,56.62828160743341,48.319877764607554
2012-08-16,Delhi,39.70835656866528,66.49002829754853,40.65425746209718
2012-08-17,Delhi,40.1656535861117,86.98407114186823,53.52513237091052
2012-08-18,Delhi,43.09189336053822,80.63108079836799,55.13241187511261
2012-08-19,Delhi,34.44634365820072,75.94794238718379,46.91123100210091
2012-08-20,Delhi,37.08687789839512,82.73176520228495,52.674245587057335
2012-08-21,Delhi,32.346962179951625,93.11145682034694,41.65657817929652
2012-08-22,Delhi,37.529799761971276,74.22007971226806,40.30143506730081
2012-08-23,Delhi,35.2417707658403,76.80821211310223,44.280966467992315
2012-08-24,Delhi,40.10209212644046,77.73157079768472,46.0451062654206
2012-08-25,Delhi,34.62538954550368,99.42495480936245,41.69930556486608
2012-08-26,Delhi,32.71809193682638,54.21581139409246,46.161756977364234
2012-08-27,Delhi,35.078217724408596,81.75446576532899,44.81343782199434
2012-08-28,Delhi,31.9965338840351,73.49450579181746,38.10348497648346
2012-08-29,Delhi,37.37897721151636,80.038052169347,45.507521692262074
2012-08-30,Delhi,31.678412626988244,67.5320106185554,47.054798651609374
2012-08-31,Delhi,35.7998519752731,73.35916013013585,43.42322021376552
2012-09-01,Delhi,31.524254320552252,80.71373967544888,48.16299643683775
2012-09-02,Delhi,34.978831164631785,104.48738233155362,36.151834579925385
2012-09-03,Delhi,38.84836340425998,81.20518317197345,44.42296629596109
2012-09-04,Delhi,36.22773775962475,64.41866994995439,36.08148042152244
2012-09-05,Delhi,33.726966489127975,68.44426427694648,36.21750060695024
2012-09-06,Delhi,35.3417567615279,67.93835013437966,38.493673310123185
2012-09-07,Delhi,35.39312652215796,54.31484660790704,36.80388463826691
2012-09-08,Delhi,36.258021381307024,68.77738015184624,38.645542285534724
2012-09-09,Delhi,32.53746981048403,79.2218504293545,40.19162152053543
2012-09-10,Delhi,36.41752311379045,58.97484450751942,45.330549563848514
2012-09-11,Delhi,29.78760093667273,82.03397911014078,39.42697320622805
2012-09-12,Delhi,33.90342092896793,76.26731831193001,32.99825153354313
2012-09-13,Delhi,34.15627414522395,63.896132270670726,46.52598289272987
2012-09-14,Delhi,36.371948166501,69.68058716969708,36.54513836064183
2012-09-15,Delhi,35.125883875113104,86.94508458568842,40.347642203995576
2012-09-16,Delhi,32.24769192599681,78.17193223618683,42.79031860212233
2012-09-17,Delhi,33.06990824204228,70.80752003001042,41.47784107936655
2012-09-18,Delhi,35.421223102639914,68.23475608102545,45.878623904697584
2012-09-19,Delhi,34.852599796471075,71.27829414511713,42.73648467736415
2012-09-20,Delhi,33.8422702810902,65.30391992166206,35.974489102237854
2012-09-21,Delhi,34.03155651865263,49.292177235839645,51.1192590653115
2012-09-22,Delhi,36.38119535438404,90.68835718554367,41.14938603682208
2012-09-23,Delhi,33.95204636158743,71.75554451397157,39.39816188154418
2012-09-24,Delhi,34.81276440093488,74.12831331820445,44.917520893263905
2012-09-25,Delhi,50.07054920495028,69.52115544860582,41.31407669456696
2012-09-26,Delhi,32.153463117578234,62.71131716679235,42.037797747388794
2010-01-01,Bangalore,22.391276721714064,108.49615323049409,65.11014839476346
2010-01-02,Bangalore,21.531339249731406,95.48155606939888,64.63380823945447
2010-01-03,Bangalore,22.56015036174416,101.67028683952667,57.88628998022826
2010-01-04,Bangalore,25.81377097929582,101.13532779013907,57.84251469418137
2010-01-05,Bangalore,20.249619019513126,89.86345875320055,55.25368472272408
2010-01-06,Bangalore,21.408917630143197,91.56220760602523,62.48139645775336
2010-01-07,Bangalore,26.076442322002652,113.28418603701485,57.002124251594545
2010-01-08,Bangalore,25.55286073493683,108.1082847384149,56.858492916018854
2010-01-09,Bangalore,22.976824913008656,115.12975503546271,60.96772282873224
2010-01-10,Bangalore,25.601735444056214,108.3853766804695,60.98008200770847
2010-01-11,Bangalore,24.76469878341651,107.07670764338948,61.07464155275511
2010-01-12,Bangalore,27.271594216688165,88.89302880939091,66.4343129815737
2010-01-13,Bangalore,24.6082343176952,103.95397842251327,64.8336692708347
2010-01-14,Bangalore,26.69799188780467,106.88633977614107,63.33267516756341
2010-01-15,Bangalore,30.11755677214711,127.19167083621136,66.02213054388115
2010-01-16,Bangalore,26.21577988543599,115.02831104700995,60.481527945158945
2010-01-17,Bangalore,25.303480660395778,124.01508480351356,66.29604177716057
2010-01-18,Bangalore,26.83410621700485,115.12301379863595,66.85143695734895
2010-01-19,Bangalore,24.842134900515873,102.52505758127614,58.91015893705988
2010-01-20,Bangalore,30.531164406990595,111.29692914932191,71.72892676373408
2010-01-21,Bangalore,26.296903297155676,112.97252012793348,62.666353917392456
2010-01-22,Bangalore,25.571378788455704,101.70018058901337,67.84603985384564
2010-01-23,Bangalore,24.625256052396,107.726028421379,73.53532682754849
2010-01-24,Bangalore,28.66932027527261,109.98696973940747,72.65814357268881
2010-01-25,Bangalore,28.386310851778646,128.57200640402067,68.51553899509052
2010-01-26,Bangalore,25.833047182676125,92.17586252260315,66.84301683659828
2010-01-27,Bangalore,28.155196107648948,125.50506445937276,73.70214637768605
2010-01-28,Bangalore,24.158390772602793,104.5385557774917,72.64448030710011
2010-01-29,Bangalore,27.7172795513042,100.6412233307775,66.48285170209512
2010-01-30,Bangalore,28.423268205753157,126.61268780518395,65.90104276819109
2010-01-31,Bangalore,31.10136905763949,122.57910900790695,59.81164296856209
2010-02-01,Bangalore,36.6054729067488,128.2476552447784,71.23847135572895
2010-02-02,Bangalore,25.46334645777835,124.14717462160475,70.346614705674
2010-02-03,Bangalore,36.51835171199677,137.1715094124026,76.7296631365651
2010-02-04,Bangalore,25.673880562281337,122.58829105817837,73.12931059322419
2010-02-05,Bangalore,31.181317450055978,115.85923444238244,78.28715143993946
2010-02-06,Bangalore,31.764545459655707,121.27106438203631,68.40771259963441
2010-02-07,Bangalore,29.465201857048918,130.68899738691343,77.86028905714062
2010-02-08,Bangalore,43.420589752081796,110.86764920062487,69.79635307329407
2010-02-09,Bangalore,29.402239770062245,112.54408320139153,76.5966263267649
2010-02-10,Bangalore,29.096072314948284,116.36928668507036,65.67879925804615
2010-02-11,Bangalore,28.770270944315257,98.80321055961502,74.40836886167651
2010-02-12,Bangalore,28.963654205574326,121.61409264916384,63.565432669429356
2010-02-13,Bangalore,26.634924559618607,101.75029597719974,72.40536791476457
2010-02-14,Bangalore,30.403092797731144,121.51434294087561,76.19093651042252
2010-02-15,Bangalore,29.935898402389657,130.00259622980573,71.62828968948001
2010-02-16,Bangalore,31.64716183111488,116.94055654243901,69.22069262213842
2010-02-17,Bangalore,30.481217222517078,138.83366939078826,78.93893280575938
2010-02-18,Bangalore,30.10431347382737,107.80415363671179,74.42212780469649
2010-02-19,Bangalore,28.820672024770364,134.6617810706752,72.7182629344179
2010-02-20,Bangalore,30.8384547424829,129.83381537058736,75.59777614345013
2010-02-21,Bangalore,32.29943297234008,106.24854304901638,88.78926273114345
2010-02-22,Bangalore,28.66277858540005,150.83631269310865,81.58642738404326
2010-02-23,Bangalore,31.248558389108243,123.40337979020065,81.84009010443273
2010-02-24,Bangalore,31.661476493132575,115.57133154866452,78.40851277510905
2010-02-25,Bangalore,29.878635965787616,110.57342465123224,77.26195742893402
2010-02-26,Bangalore,30.25599365384208,122.73493851437749,64.64300108566408
2010-02-27,Bangalore,32.007405753877215,123.94448344513475,73.41746638037391
2010-02-28,Bangalore,29.391328878690032,126.52096803122248,74.59346976453818
2010-03-01,Bangalore,32.467487013256815,122.78495718603449,67.8008188452784
2010-03-02,Bangalore,30.08385479997757,132.35594374303884,71.56204814351477
2010-03-03,Bangalore,34.10462443750886,122.40045282769482,67.61365174827169
2010-03-04,Bangalore,36.75633059021023,107.1723841258962,77.48973102038042
2010-03-05,Bangalore,30.458299861191843,125.26582543729005,81.93345678343505
2010-03-06,Bangalore,33.344724421271785,103.31414955583452,83.52648998616651
2010-03-07,Bangalore,30.916654318262324,130.74812069299298,80.21419856644891
2010-03-08,Bangalore,34.543188229448916,117.63083734273366,73.46557805771383
2010-03-09,Bangalore,30.019196058995913,129.26274218065706,68.7590999617329
2010-03-10,Bangalore,33.59659035264739,140.96700032262194,69.76649017457642
2010-03-11,Bangalore,30.972394354450543,118.52762991200774,72.33183169018601
2010-03-12,Bangalore,32.38459140122222,138.80824432337803,74.35282266865954
2010-03-13,Bangalore,30.813913323976813,124.03399595595275,78.11318525858492
2010-03-14,Bangalore,34.59526610474304,146.06364350951046,73.95030923526824
2010-03-15,Bangalore,31.34838755703988,125.03551866577502,80.81957600017942
2010-03-16,Bangalore,34.195226357386666,120.4289636611021,78.06122816344865
2010-03-17,Bangalore,32.46920332002388,135.84458263359852,79.36752731180222
2010-03-18,Bangalore,32.99169447491735,124.74402035930885,85.10253120038617
2010-03-19,Bangalore,33.57651636652446,120.80851851388253,73.58085043244655
2010-03-20,Bangalore,41.975432852077944,124.5570517381318,81.65048972157498
2010-03-21,Bangalore,33.81379892979786,128.99312878631827,79.55626326305182
2010-03-22,Bangalore,36.50540729622975,142.9560158150113,78.02204493019337
2010-03-23,Bangalore,31.937304852274437,110.27960581722381,84.17327045220952
2010-03-24,Bangalore,35.882945237421225,129.92878144212477,84.1937206745321
2010-03-25,Bangalore,36.57841736115489,136.0157022290784,75.1119902084165
2010-03-26,Bangalore,31.989869090883428,131.76102295673653,78.97355521858942
2010-03-27,Bangalore,30.749080751290684,142.9762215787507,81.32443833586392
2010-03-28,Bangalore,45.37458144535295,129.17629589565942,78.58146572205018
2010-03-29,Bangalore,32.6295391660219,128.10754821280747,82.89381508455027
2010-03-30,Bangalore,37.48970655072284,135.90079580732396,81.39096031434504
2010-03-31,Bangalore,33.84730010079857,130.98619320891024,89.15817624137787
2010-04-01,Bangalore,32.19550858129155,126.095634809281,72.34841911507486
2010-04-02,Bangalore,31.52484756452396,135.15894015550592,79.38615322435776
2010-04-03,Bangalore,36.01527272505523,123.46110548845428,75.4484130561862
2010-04-04,Bangalore,32.706429207681964,123.85461994735773,82.99813158889589
2010-04-05,Bangalore,33.94682920757478,124.65757460830562,71.87248376708013
2010-04-06,Bangalore,35.77819450776666,143.43045865428917,81.66474158620784
2010-04-07,Bangalore,32.90253640714532,97.64299577316379,76.75186406527224
2010-04-08,Bangalore,33.78071083519383,133.75369382565185,76.19432765474322
2010-04-09,Bangalore,33.838003820289515,130.07614006180586,72.58979026216565
2010-04-10,Bangalore,35.233424925355585,112.851623114589,77.44817207364179
2010-04-11,Bangalore,35.04097017065896,132.67571229027493,85.14146565073125
2010-04-12,Bangalore,33.40903805729017,134.2453164777148,79.53258762195225
2010-04-13,Bangalore,33.96343503944793,135.28480306293872,82.73067592228217
2010-04-14,Bangalore,33.076547483276705,102.76203588852158,87.84342012247873
2010-04-15,Bangalore,30.845957152451724,142.82744001741622,80.76114185669411
2010-04-16,Bangalore,34.294579545036896,121.66076644387351,76.56475780016957
2010-04-17,Bangalore,37.53908900730762,135.76979392445622,81.60567204719693
2010-04-18,Bangalore,31.959739888490837,136.17227231644173,76.45287560817447
2010-04-19,Bangalore,32.15075054709905,119.84345904272044,76.55150651612307
2010-04-20,Bangalore,31.922160256834236,135.05544692388065,71.3677676021485
2010-04-21,Bangalore,35.076794991350454,124.42790189258905,83.48651032323036
2010-04-22,Bangalore,34.485784371347194,107.39266859548138,76.80761404766143
2010-04-23,Bangalore,33.23016392554688,139.59913718641718,79.5249698498389
2010-04-24,Bangalore,31.666869098653002,119.9782720356304,73.30600480082867
2010-04-25,Bangalore,33.64058984387379,118.98257415440128,80.53141066976524
2010-04-26,Bangalore,30.276802046270557,123.28748022245927,74.40238641120891
2010-04-27,Bangalore,33.64041115696183,129.82304132301442,77.35857243798458
2010-04-28,Bangalore,35.04144167952496,126.30247461382625,82.30591597089382
2010-04-29,Bangalore,30.73817495302757,132.1223889259565,81.7149430137525
2010-04-30,Bangalore,30.115085486076033,113.00547245391948,77.49009371688601
2010-05-01,Bangalore,36.27593897048293,118.7273258569723,68.59347121065284
2010-05-02,Bangalore,31.827902001489942,124.73429311828201,92.22689541130143
2010-05-03,Bangalore,35.255117389385916,144.60853801908186,85.81573824636222
2010-05-04,Bangalore,32.60449524313497,124.21934633645432,80.51835527150276
2010-05-05,Bangalore,32.51534516030372,135.92998701917543,72.95249068041788
2010-05-06,Bangalore,33.640367386232384,125.17617764956047,75.95912316596836
2010-05-07,Bangalore,30.91738280096628,119.6595551690018,73.61365888003573
2010-05-08,Bangalore,32.869793750200735,121.72715414848395,82.44887862190083
2010-05-09,Bangalore,31.758849808177974,122.20128879318966,77.23617172991149
2010-05-10,Bangalore,29.79551166397708,129.60595304196883,71.79217780977513
2010-05-11,Bangalore,33.02380456312321,136.99263391677675,73.14390533171691
2010-05-12,Bangalore,31.732270514149594,126.5134668605795,80.88371296866038
2010-05-13,Bangalore,31.852618618430668,134.4507816133778,83.05382578474256
2010-05-14,Bangalore,29.651898221657643,112.58876294916102,82.46609803440315
2010-05-15,Bangalore,35.158376276390484,117.74042153445431,78.37631140699963
2010-05-16,Bangalore,33.630197509531854,114.28728206820219,73.09041392950606
2010-05-17,Bangalore,33.704147869415735,124.31195421196387,57.90410307549795
2010-05-18,Bangalore,31.061922863986414,117.2088529548152,75.35142465678065
2010-05-19,Bangalore,28.109368315763323,127.72093165465245,73.60632439531982
2010-05-20,Bangalore,35.366473407114356,110.73189881008159,74.06118776587743
2010-05-21,Bangalore,31.229368556079116,120.08500044948536,73.37261387934774
2010-05-22,Bangalore,29.74294754032553,126.13022050721948,66.2097834549855
2010-05-23,Bangalore,31.96123129492457,98.20985668746894,75.36229907617262
2010-05-24,Bangalore,33.347087575639875,139.67485107220188,75.46677356942581
2010-05-25,Bangalore,30.85013952007829,115.21720304794893,75.44417517479674
2010-05-26,Bangalore,33.33500285880348,97.38315843201246,76.4885900637164
2010-05-27,Bangalore,32.82372255607698,118.79410702289759,74.4957035826946
2010-05-28,Bangalore,28.38313024929765,117.12211255203681,69.14163819050897
2010-05-29,Bangalore,29.06482417408756,115.5382693604946,70.55062453123257
2010-05-30,Bangalore,32.20237480817887,125.83381257412466,71.07022529950555
2010-05-31,Bangalore,24.73539878253765,122.95632144474615,70.85974506585015
2010-06-01,Bangalore,44.258947365069105,118.01601631361171,75.01592454877417
2010-06-02,Bangalore,27.041064667837556,119.08973755272717,72.94379790728625
2010-06-03,Bangalore,28.818487473871585,113.09120073583505,79.80990735132704
2010-06-04,Bangalore,29.041426757026176,131.43210929765425,80.15047876959254
2010-06-05,Bangalore,28.788699087689935,98.42360334693718,69.20862360007952
2010-06-06,Bangalore,28.265480895470326,114.1465269412456,49.316729057094236
2010-06-07,Bangalore,27.039272288898587,112.93092507635643,74.37128150694875
2010-06-08,Bangalore,33.67972530020204,119.94051236033992,65.16992383819407
2010-06-09,Bangalore,32.69200366036235,102.89270018186996,63.546739694924256
2010-06-10,Bangalore,26.493005666785113,93.41468589792767,65.24204823964851
2010-06-11,Bangalore,31.84035662931447,111.93659954110393,64.67903101934164
2010-06-12,Bangalore,27.7351538412996,112.69455938892196,69.64951869501756
2010-06-13,Bangalore,28.64944535602169,124.2892053225513,58.46496192308542
2010-06-14,Bangalore,28.120580272941076,96.19776411495387,60.5456526565118
2010-06-15,Bangalore,26.782809469484228,119.95385792314367,67.32040627497139
2010-06-16,Bangalore,29.924359614492364,131.58410842211143,68.38803000662668
2010-06-17,Bangalore,28.06199486596267,103.6330165392033,68.14815183429877
2010-06-18,Bangalore,26.70995385586764,93.99974791198613,60.67093200994575
2010-06-19,Bangalore,24.906030266797018,102.33588379946016,59.379090062464726
2010-06-20,Bangalore,25.579538870497522,106.0402363675211,61.40028362693194
2010-06-21,Bangalore,23.93490562605143,111.03087632183602,64.79469547593487
2010-06-22,Bangalore,27.092517226215513,98.97026308977503,70.6835271051331
2010-06-23,Bangalore,24.524660784629962,119.92596124906967,52.678798009543755
2010-06-24,Bangalore,26.23636074948873,92.71712217349683,61.47131976425979
2010-06-25,Bangalore,29.35679377843769,85.95771869192285,55.569787937307886
2010-06-26,Bangalore,28.86396664401516,113.90320673738914,53.62952160957653
2010-06-27,Bangalore,26.249311004129396,79.57538406494189,66.38251281139334
2010-06-28,Bangalore,25.98796332137163,99.76510063224663,63.92738841981256
2010-06-29,Bangalore,29.76997142888732,132.4674782822164,63.10761223982693
2010-06-30,Bangalore,26.899696642988754,100.65411767721467,65.12149800319763
2010-07-01,Bangalore,25.05045704913384,89.05053339969817,57.77354545394309
2010-07-02,Bangalore,22.70189379687222,99.16781545547143,57.6646724805586
2010-07-03,Bangalore,26.18956203405816,98.7174389069907,70.41228427907022
2010-07-04,Bangalore,26.90842521512042,100.31583241339526,57.90670006861152
2010-07-05,Bangalore,23.834564177314782,104.81623150062241,62.4713950179546
2010-07-06,Bangalore,25.528540717941432,87.28729393931872,58.48417812014731
2010-07-07,Bangalore,24.06748591199795,114.03937805785195,48.86797235326394
2010-07-08,Bangalore,24.275345130385052,99.10137263007535,47.54367483855977
2010-07-09,Bangalore,19.51687411034953,103.40549514044062,54.53011535124886
2010-07-10,Bangalore,23.898445223368984,89.34453009484734,62.36452231995246
2010-07-11,Bangalore,26.130668475430944,107.97961098179984,60.68531802440969
2010-07-12,Bangalore,22.779529031611265,92.03647834010249,60.97505410660892
2010-07-13,Bangalore,23.99832383849487,96.87533844112804,51.1313113094469
2010-07-14,Bangalore,22.2328894322182,84.26331176493503,63.80894414181565
2010-07-15,Bangalore,24.317826650279425,83.12151362906037,50.56942009445584
2010-07-16,Bangalore,23.016731800118304,99.47138765010078,56.12367838373114
2010-07-17,Bangalore,21.424861991355915,87.65396691608592,54.67492869590117
2010-07-18,Bangalore,36.22873511859025,83.05484886897975,53.526017394442746
2010-07-19,Bangalore,24.87073583432953,84.666782001525,60.758704306008234
2010-07-20,Bangalore,21.659116062785383,97.59631948909941,50.212306580453664
2010-07-21,Bangalore,23.72149179659025,83.82736692122799,46.66380407694975
2010-07-22,Bangalore,23.658700878933427,88.45508130385636,53.18773117761743
2010-07-23,Bangalore,23.72746516272468,89.29886558097795,50.76659171397202
2010-07-24,Bangalore,18.914408555970198,69.49527218377807,69.33275529133394
2010-07-25,Bangalore,24.17731031550059,73.48102764657082,55.510731849070545
2010-07-26,Bangalore,20.88704248599233,91.082100128007,49.76617794759446
2010-07-27,Bangalore,21.174340733421925,79.87969618938641,46.219435354673486
2010-07-28,Bangalore,37.534043666534465,97.35168558228932,41.78818226014617
2010-07-29,Bangalore,22.224679826357434,95.99087023725167,45.75577070114365
2010-07-30,Bangalore,20.71575997236701,93.05690143333845,51.15151870531838
2010-07-31,Bangalore,16.946684183401285,103.60953665986526,57.41118911580004
2010-08-01,Bangalore,24.00711013343496,84.1318523191949,55.58360944302409
2010-08-02,Bangalore,18.408956748224266,91.00694752856282,50.824226337914844
2010-08-03,Bangalore,18.96582171138166,78.2340887891817,47.76956070824891
2010-08-04,Bangalore,20.184891016417797,108.16648597246771,50.43925301124776
2010-08-05,Bangalore,23.556930959298825,103.0486586520549,46.215024764373595
2010-08-06,Bangalore,22.148757294288274,82.90563630804819,57.11637462073289
2010-08-07,Bangalore,20.166472457394747,86.23230473027773,47.29834404777513
2010-08-08,Bangalore,20.980343495028414,95.54425409690037,47.53582944426791
2010-08-09,Bangalore,19.04638261462451,80.0700669529591,36.6151958756301
2010-08-10,Bangalore,20.41167923317236,74.57087485412791,46.44756947546949
2010-08-11,Bangalore,20.166126357190638,89.47825611297192,51.341326425093435
2010-08-12,Bangalore,21.845976219271858,81.12970174456414,41.55825997062558
2010-08-13,Bangalore,21.73371760274257,81.78802857004659,42.88512104326527
2010-08-14,Bangalore,20.680220669641127,71.23408428500987,50.348086899128
2010-08-15,Bangalore,18.862492616038026,62.02484170975672,38.75108934467019
2010-08-16,Bangalore,20.967808487708478,81.19391579557568,51.17733283556604
2010-08-17,Bangalore,19.19929393083429,87.51931300466315,42.98574227561526
2010-08-18,Bangalore,17.12059572170886,75.85520588664494,43.46600781581424
2010-08-19,Bangalore,18.381204307692165,92.12763487013079,39.55616775740012
2010-08-20,Bangalore,19.262385692248564,70.38083191988432,46.83689475149925
2010-08-21,Bangalore,20.82154543942406,66.53629706662451,57.02158766933604
2010-08-22,Bangalore,18.54410324201529,76.08117568702748,48.40980536996234
2010-08-23,Bangalore,16.405104026733643,75.60457859412566,39.96557658872303
2010-08-24,Bangalore,18.851654728767482,83.81420139987377,49.75444565180508
2010-08-25,Bangalore,18.882112616903658,68.05597336973182,42.28700334390986
2010-08-26,Bangalore,18.94629474334635,89.1848008247715,50.54166387821948
2010-08-27,Bangalore,20.336201044669764,94.87854366336525,47.50629803634362
2010-08-28,Bangalore,20.458591685993436,74.53079534775749,28.565782584268607
2010-08-29,Bangalore,17.159087681706033,87.13963248125128,38.0746206881636
2010-08-30,Bangalore,17.044491386403845,63.805364201252594,47.635482719180416
2010-08-31,Bangalore,16.12818129758994,84.85795157032182,43.49544379972686
2010-09-01,Bangalore,19.540568153467735,84.32157452431497,37.44709388727431
2010-09-02,Bangalore,20.977518176940073,82.23400668269272,39.23180834306022
2010-09-03,Bangalore,17.389262917887223,73.20264943241227,32.70767044696324
2010-09-04,Bangalore,17.47874596320093,43.582331865532424,41.64134774766985
2010-09-05,Bangalore,20.84000709055111,66.48205449373819,52.98633258358514
2010-09-06,Bangalore,18.865069405487855,66.42270092032749,45.81257435177731
2010-09-07,Bangalore,18.676635149008174,62.68994183761342,52.60041248475425
2010-09-08,Bangalore,15.375259766121612,73.49370837967786,45.92617100508803
2010-09-09,Bangalore,19.070216828179042,67.88864761364827,46.52291809600388
2010-09-10,Bangalore,15.812913856026169,63.64743951348683,51.13276651281649
2010-09-11,Bangalore,15.364348194225883,61.129164215809176,43.03109342890272
2010-09-12,Bangalore,16.902841046344854,64.39402274478256,40.09663179222216
2010-09-13,Bangalore,16.391604586798167,82.60456221958592,46.089667650501156
2010-09-14,Bangalore,17.08962244135696,64.62821494410616,48.0948448458635
2010-09-15,Bangalore,14.623331245308677,65.94649647874282,38.330765815155985
2010-09-16,Bangalore,19.398254782694703,66.39489035904562,37.033398927818574
2010-09-17,Bangalore,19.714190622742247,74.22638923922237,41.251916229573176
2010-09-18,Bangalore,13.545209545394687,75.28217836631428,44.637283322010944
2010-09-19,Bangalore,19.380778694878202,40.16502385820367,44.39818141039801
2010-09-20,Bangalore,15.789677220556927,80.72855557887661,33.22063095946236
2010-09-21,Bangalore,19.114469574327266,84.78523584352263,49.83906733604
2010-09-22,Bangalore,17.256331112343766,59.8378069194131,37.02062354836894
2010-09-23,Bangalore,17.44641048822745,60.54359563284801,38.85239373568802
2010-09-24,Bangalore,17.01723620848342,65.69976064419485,35.621591214712616
2010-09-25,Bangalore,19.813205297459998,62.586800472413024,53.58953795767149
2010-09-26,Bangalore,14.914234957408242,72.33950168684098,41.277175316356434
2010-09-27,Bangalore,18.616509068816097,50.597232310449584,35.786781379284335
2010-09-28,Bangalore,19.613863173928763,58.85433245208159,44.34202343811156
2010-09-29,Bangalore,18.85721735420725,85.40558358112835,43.85475328280302
2010-09-30,Bangalore,22.090231242099456,60.72030056687768,39.06303170900583
2010-10-01,Bangalore,16.4021990771887,82.43456058894355,44.203218769193114
2010-10-02,Bangalore,19.396924625388156,73.56032689650465,35.87817015624786
2010-10-03,Bangalore,17.295318616920326,51.92982251692691,37.55040840046007
2010-10-04,Bangalore,20.002457941149693,76.40022931749513,29.980208304058404
2010-10-05,Bangalore,17.551372277475703,68.9035777848268,33.433745116739075
2010-10-06,Bangalore,16.82505847480327,65.56775955308721,49.119774105409846
2010-10-07,Bangalore,20.249965338803737,72.62303372490149,48.32278500073253
2010-10-08,Bangalore,16.694654027782818,74.97966857312996,40.484499054886165
2010-10-09,Bangalore,14.895223531325357,77.37794336712561,48.51600733420213
2010-10-10,Bangalore,16.73281180971248,82.16204520366043,39.45263871907875
2010-10-11,Bangalore,19.053327725656143,74.5471446252208,39.093472152118615
2010-10-12,Bangalore,20.651012800458087,56.8044650039881,40.65642383689559
2010-10-13,Bangalore,18.143775335536457,65.92809517831839,39.81842519326904
2010-10-14,Bangalore,20.615389582743845,100.20746969751359,39.44200927875069
2010-10-15,Bangalore,15.323010938529743,78.14299294827207,46.31571209871762
2010-10-16,Bangalore,17.21607369381564,94.72067487846932,41.43587951668391
2010-10-17,Bangalore,17.59155192696879,85.12044730582282,44.33981314472301
2010-10-18,Bangalore,18.008532879135903,73.73097591780031,46.032206094548535
2010-10-19,Bangalore,18.477623613548857,74.48237520895657,42.919798652370595
2010-10-20,Bangalore,19.765858040512956,71.26630797841726,36.236715621915955
2010-10-21,Bangalore,17.571825744240062,54.42627210327814,34.4385493963419
2010-10-22,Bangalore,18.819685085676998,72.16535565999449,42.06715859757802
2010-10-23,Bangalore,18.53433738355993,84.28049501804607,40.592884804291394
2010-10-24,Bangalore,16.858507315051355,66.37446142028892,42.01753139026792
2010-10-25,Bangalore,18.571386739983794,76.69569034505808,41.6371700400504
2010-10-26,Bangalore,18.602542812179404,81.30549607485288,54.777592044780114
2010-10-27,Bangalore,18.653530173471474,63.91426951730794,35.35625132874844
2010-10-28,Bangalore,19.143705448567417,68.7275309627769,32.210641721703404
2010-10-29,Bangalore,19.330671981793135,63.29885979692749,43.98053396873077
2010-10-30,Bangalore,18.41649259034291,65.50159277877863,40.60005312417416
2010-10-31,Bangalore,21.93086592064656,61.10025652158148,44.231212254057816
2010-11-01,Bangalore,17.153399158835935,65.23259663794565,45.74413594590395
2010-11-02,Bangalore,18.159888867784932,88.70004406215256,49.424181645343936
2010-11-03,Bangalore,25.27374319210233,65.62667754006273,35.65150278539074
2010-11-04,Bangalore,17.752311026363465,76.32947339963268,40.59299798339803
2010-11-05,Bangalore,17.237725117556337,70.32701586421801,45.714275228355525
2010-11-06,Bangalore,21.533562899928825,87.44248760014855,47.621536798288915
2010-11-07,Bangalore,16.032149410705482,89.07079032079585,54.94002598794839
2010-11-08,Bangalore,19.83999561248735,84.91233011868616,48.95960672043379
2010-11-09,Bangalore,24.72869133944522,79.65246999890427,44.11013999915309
2010-11-10,Bangalore,17.475979886853814,74.60695982507288,40.15952469760793
2010-11-11,Bangalore,16.73301294373695,65.33207870373063,42.01243456683365
2010-11-12,Bangalore,17.831916719119054,97.02612618032532,42.09704413128336
2010-11-13,Bangalore,22.76254890705411,70.3407591335549,48.56782768328908
2010-11-14,Bangalore,23.3531130570125,84.92714232145104,46.8121064620109
2010-11-15,Bangalore,20.218256183225233,89.24595705778073,39.14861970015361
2010-11-16,Bangalore,22.751841537485664,73.46344521939729,43.83132611351489
2010-11-17,Bangalore,24.3099829827873,89.76854225644959,50.646682422783755
2010-11-18,Bangalore,25.250256640530193,87.40882346840019,48.269439398211375
2010-11-19,Bangalore,21.330983255217514,97.43059980654928,49.610530715218275
2010-11-20,Bangalore,17.37076095431021,75.84764850468343,48.94201732958668
2010-11-21,Bangalore,20.48391914627885,68.07839080049752,55.42350765524074
2010-11-22,Bangalore,21.425924125720805,76.28369999232885,48.73928035030449
2010-11-23,Bangalore,21.91735370569195,83.83422932188954,45.90034860834399
2010-11-24,Bangalore,22.217014328374923,82.74032666202764,43.52669105511692
2010-11-25,Bangalore,24.989786461323327,78.64161283364047,49.63204182197253
2010-11-26,Bangalore,25.461839290463978,63.906972721494014,36.46244480030221
2010-11-27,Bangalore,22.73229956047423,88.13177056626246,48.02984872748403
2010-11-28,Bangalore,25.436918036720645,103.58328964467303,48.2106972696273
2010-11-29,Bangalore,24.12116665960668,88.94004416026353,42.70933358460259
2010-11-30,Bangalore,23.7023025072041,90.83122687497202,45.18525192967794
2010-12-01,Bangalore,25.555332812620154,90.9111865567517,54.17277664754166
2010-12-02,Bangalore,24.05716569531795,89.60845149535035,51.578881943059045
2010-12-03,Bangalore,28.200119645167014,95.41015154159541,51.23793625047961
2010-12-04,Bangalore,21.380884249006776,90.50685655964433,52.567150834851894
2010-12-05,Bangalore,23.401902276311645,83.8899605269543,51.80762608873599
2010-12-06,Bangalore,24.35502617996893,79.52430282154296,57.870440762045234
2010-12-07,Bangalore,25.664025488856247,85.46562377101404,52.58738612439877
2010-12-08,Bangalore,27.499286911770103,91.57139277719843,44.995666306034096
2010-12-09,Bangalore,25.093957436620954,85.74743410205008,60.75615896655859
2010-12-10,Bangalore,22.478779479223864,92.53310316602314,54.77817889311678
2010-12-11,Bangalore,27.189798796968873,94.26581434918077,50.30327335414239
2010-12-12,Bangalore,27.197220915360276,98.69370446193086,47.30759817467761
2010-12-13,Bangalore,21.987070434678294,103.68031294870113,55.881146611664434
2010-12-14,Bangalore,26.047567403852305,92.12560119837028,53.64449131751593
2010-12-15,Bangalore,23.06013476329835,78.76348962250023,62.43157077947994
2010-12-16,Bangalore,25.097164853833995,88.88836017832246,53.1633976943421
2010-12-17,Bangalore,24.8076544860149,93.2804426938875,51.039640731468666
2010-12-18,Bangalore,28.419314266442303,74.9846670481041,60.040550831096304
2010-12-19,Bangalore,27.222615349658174,107.73351020496624,60.524319466211765
2010-12-20,Bangalore,24.606550900055506,95.77697782980734,57.0787226411861
2010-12-21,Bangalore,29.127200484099905,98.67473402035851,59.955922354744985
2010-12-22,Bangalore,24.68930014550036,109.02600000533423,56.72538798300319
2010-12-23,Bangalore,28.407439859809234,89.58020853517857,58.42375006278093
2010-12-24,Bangalore,26.309898212423363,102.13417796185972,63.42079351483256
2010-12-25,Bangalore,27.397628860464607,95.80830784555758,61.064557721158806
2010-12-26,Bangalore,29.3288935087023,95.5801873677174,57.43433183358795
2010-12-27,Bangalore,29.55487453009585,90.21400331788658,65.38576419358434
2010-12-28,Bangalore,31.37774147487938,115.10744212016765,47.14332979157736
2010-12-29,Bangalore,28.73127648442964,95.21235125056192,69.57193432465476
2010-12-30,Bangalore,29.700768164368327,106.47824178428196,51.125937402429614
2010-12-31,Bangalore,39.593019156722505,81.24992612528065,56.86453587613853
2011-01-01,Bangalore,29.836113326803943,112.3162859815729,60.13967944714135
2011-01-02,Bangalore,30.54318821224448,111.55475990825296,59.95602887881411
2011-01-03,Bangalore,29.659576977323788,102.52293111967064,66.06444854459785
2011-01-04,Bangalore,26.440523299838205,99.79464814269035,56.086865442995226
2011-01-05,Bangalore,30.902589780036255,106.57894401825905,63.02313006216425
2011-01-06,Bangalore,31.16013992918526,125.98095753222594,59.170973457849925
2011-01-07,Bangalore,29.261733496297627,85.97387435794573,63.87986579467414
2011-01-08,Bangalore,28.24401364898762,111.93863703913922,62.42171414327591
2011-01-09,Bangalore,33.95484650765074,95.51309159838941,63.55085467670051
2011-01-10,Bangalore,32.17582246360358,104.93961036244701,60.67623872130782
2011-01-11,Bangalore,30.924105036589022,103.1680001045107,61.214214446384474
2011-01-12,Bangalore,29.296979232391216,101.86995241808103,65.53845256750952
2011-01-13,Bangalore,30.115585473198962,106.55299409959767,69.15700778886352
2011-01-14,Bangalore,34.55190845363197,95.8184715274006,61.78205864912976
2011-01-15,Bangalore,32.40885683289796,117.95240321476528,60.76322817945919
2011-01-16,Bangalore,31.21840744133964,90.21730961403716,68.50646397904129
2011-01-17,Bangalore,33.524202791255405,114.05211811470168,65.60712919232374
2011-01-18,Bangalore,31.06041587167024,105.88227821434295,70.25091516305554
2011-01-19,Bangalore,35.874382677484405,97.9288409126964,61.89640716699155
2011-01-20,Bangalore,35.76083006573459,112.14952069381036,57.85326336476512
2011-01-21,Bangalore,32.30361307935816,95.04077279822637,64.40850203439577
2011-01-22,Bangalore,32.15990493484501,111.48887450391653,63.56272781148839
2011-01-23,Bangalore,28.360367665051513,97.34113310919267,67.31932612447065
2011-01-24,Bangalore,30.811718348956994,116.6573605193575,64.84553371276752
2011-01-25,Bangalore,31.27299647620766,103.27223474206575,72.04895680892858
2011-01-26,Bangalore,34.39813660747908,108.47332760621984,67.21476053889604
2011-01-27,Bangalore,33.64982600852139,116.38637413164395,69.71695932867772
2011-01-28,Bangalore,31.78483173419803,106.18108700866317,70.05917821026173
2011-01-29,Bangalore,34.08501031622877,113.78237520679062,70.5494522643767
2011-01-30,Bangalore,35.82842979689447,99.67496149235077,69.75486545092468
2011-01-31,Bangalore,36.04238813835222,121.56888435152469,72.72642232909365
2011-02-01,Bangalore,31.354815511937744,133.35160627647423,66.49003647818198
2011-02-02,Bangalore,35.06352475441533,144.0622438252486,77.7571930640354
2011-02-03,Bangalore,32.71767157773298,117.48474086169298,69.86601934650972
2011-02-04,Bangalore,37.45047495719172,124.88309409670539,64.77628943632894
2011-02-05,Bangalore,37.376295567245,99.61775147453913,72.55637225403488
2011-02-06,Bangalore,34.17121241695872,132.86914387187878,67.63863132697784
2011-02-07,Bangalore,34.59267829635046,126.01659115069485,75.4962100748469
2011-02-08,Bangalore,35.35793338341206,113.8220680037137,83.48896284902924
2011-02-09,Bangalore,31.92873621943909,131.4347770295954,68.7757855600143
2011-02-10,Bangalore,37.25823195723097,116.91412606459602,74.63445288681955
2011-02-11,Bangalore,36.19065708974252,115.26878671712278,64.45516442132242
2011-02-12,Bangalore,38.82478635346517,124.98665781926327,75.75839852386564
2011-02-13,Bangalore,34.83370923631157,109.9780380184068,69.3124863454749
2011-02-14,Bangalore,35.93633737401661,131.1999974555489,70.86499344886053
2011-02-15,Bangalore,34.30351570673952,110.7898005491848,68.72669999643635
2011-02-16,Bangalore,35.44785925597061,111.2087732506455,78.13363689619193
2011-02-17,Bangalore,35.23020623750342,112.96561280483621,79.74486224664602
2011-02-18,Bangalore,39.721668234658445,130.0041630060579,75.05636782722364
2011-02-19,Bangalore,36.46653438728284,116.5814206391598,70.84398264289266
2011-02-20,Bangalore,38.24249963832861,109.60248696284646,83.33591171819806
2011-02-21,Bangalore,37.36143170298415,117.35207553276528,71.85386638264222
2011-02-22,Bangalore,35.710526035542145,123.40794599589844,65.00875163549836
2011-02-23,Bangalore,38.037010035403476,112.23110780859645,78.31916681327887
2011-02-24,Bangalore,39.6935972538008,112.8293606798774,70.70690781193963
2011-02-25,Bangalore,36.19924674793744,145.75725994006825,81.37257503354415
2011-02-26,Bangalore,40.34993184512084,116.32946475283536,74.71772404394906
2011-02-27,Bangalore,37.14674221338939,121.98812848130429,79.83093431541054
2011-02-28,Bangalore,37.992203063129594,121.82214273783298,84.00384356331135
2011-03-01,Bangalore,40.129005828778126,121.54935067056967,71.13098484241245
2011-03-02,Bangalore,37.84769123285699,132.23715804157894,74.51944144012991
2011-03-03,Bangalore,39.35406677011416,135.75818065904778,77.13947873959954
2011-03-04,Bangalore,38.75129344185745,123.46248098298499,85.369106794039
2011-03-05,Bangalore,39.73854947800312,114.39465752786298,74.54771333948874
2011-03-06,Bangalore,34.81483048547544,139.73332836805633,75.02009891329983
2011-03-07,Bangalore,36.01077449761019,126.25700347211226,80.53097913383176
2011-03-08,Bangalore,40.993213893947015,144.7270577941317,75.39641613515381
2011-03-09,Bangalore,41.92407568846445,105.17327965584741,79.18205516882078
2011-03-10,Bangalore,51.54630459259214,129.7802827202091,70.7931465667433
2011-03-11,Bangalore,39.53031558388698,147.2011802034498,89.74839428924149
2011-03-12,Bangalore,40.68799908522356,124.66304038387528,72.0585750072909
2011-03-13,Bangalore,41.562399077588836,126.11295738946792,77.30316422859181
2011-03-14,Bangalore,36.19521061960984,131.48681240475798,78.8587251466926
2011-03-15,Bangalore,38.5502677719623,123.09908660890758,88.68813720362209
2011-03-16,Bangalore,39.726139079023255,125.71317419564168,72.59836677278231
2011-03-17,Bangalore,41.86367977102065,125.59404718773162,89.23331943049085
2011-03-18,Bangalore,45.51750018595806,122.82771031128148,83.18716254254025
2011-03-19,Bangalore,40.12499309810477,141.5115791571782,81.56748572556464
2011-03-20,Bangalore,37.82452849084859,133.94623056813407,74.63379839502336
2011-03-21,Bangalore,41.4976008571187,131.9454764291813,82.48183561562254
2011-03-22,Bangalore,43.38672974660234,137.61992457146394,76.07204322294285
2011-03-23,Bangalore,41.009522665898864,126.97692493978491,86.08029511387178
2011-03-24,Bangalore,39.026027860564945,121.95593666909157,74.9433397562084
2011-03-25,Bangalore,42.798209977139365,123.74042323639242,79.27865171607822
2011-03-26,Bangalore,42.24927030593639,129.84436761786463,77.10799269781319
2011-03-27,Bangalore,38.90702827308054,119.28545280068636,74.98076511080862
2011-03-28,Bangalore,41.756100966150235,124.9171390273779,83.65309854670268
2011-03-29,Bangalore,43.01888534687338,124.79189621595259,82.64600216015945
2011-03-30,Bangalore,43.416280197514624,151.22306263548066,86.03005121929866
2011-03-31,Bangalore,40.944787069179995,102.25490566005757,71.09599449855698
2011-04-01,Bangalore,40.38374850500327,128.20352497802938,85.32066830642903
2011-04-02,Bangalore,43.5737142307099,147.25443768778985,92.52557769987922
2011-04-03,Bangalore,38.71514180091181,131.20483306194527,77.73272016786241
2011-04-04,Bangalore,42.02595573769235,137.50056620176193,89.45333737224551
2011-04-05,Bangalore,38.419118353925064,130.93577797695943,78.64253685700871
2011-04-06,Bangalore,43.29734156206091,123.2264332404603,73.07112934727687
2011-04-07,Bangalore,40.65496207978465,107.4339999879318,78.37394400997998
2011-04-08,Bangalore,43.70973496396908,131.85226234838547,85.10615682372466
2011-04-09,Bangalore,42.1539661526456,121.97735587377973,75.63139886821143
2011-04-10,Bangalore,38.72033544219955,121.65697364531717,76.77185850961438
2011-04-11,Bangalore,44.00873696379279,124.58857193912378,82.68666016074256
2011-04-12,Bangalore,44.25175605265528,146.9364106256344,79.6738316232925
2011-04-13,Bangalore,42.900709901653336,153.43678617190443,82.5153885953435
2011-04-14,Bangalore,39.596929776251244,131.45239589425506,80.70935871643904
2011-04-15,Bangalore,40.4891540575758,124.51587365975456,81.8404905303391
2011-04-16,Bangalore,41.37023226505216,117.26586931620982,77.19724973143357
2011-04-17,Bangalore,39.64728468697862,133.58951807238515,80.42806568143494
2011-04-18,Bangalore,44.41187131479937,146.59059051027032,74.53749131126627
2011-04-19,Bangalore,41.285462909756525,126.1370260286618,85.51578804512586
2011-04-20,Bangalore,35.556919705907,104.6608869928329,75.79585801615686
2011-04-21,Bangalore,41.606323059416646,134.98333101986788,84.49946030555536
2011-04-22,Bangalore,50.85949484520714,137.96043750336344,77.5695921209943
2011-04-23,Bangalore,40.697386198142894,112.06326152728091,79.6244736745462
2011-04-24,Bangalore,40.065668490359535,129.49356350242232,76.01099168940837
2011-04-25,Bangalore,42.369929093807315,132.0397689431428,73.27169536534774
2011-04-26,Bangalore,42.945421858048924,126.58706588273711,69.48829066385781
2011-04-27,Bangalore,41.21966434776415,119.192964878887,72.79049525353139
2011-04-28,Bangalore,39.91977053307278,137.03455095768282,76.29724154861857
2011-04-29,Bangalore,40.45789881667659,122.60792221919797,78.82054234673427
2011-04-30,Bangalore,40.519321272890615,111.54850449220675,82.65214064588703
2011-05-01,Bangalore,38.812203107363544,105.65644470458284,75.20533907520219
2011-05-02,Bangalore,41.50927857764158,138.50275904149044,72.85303873966235
2011-05-03,Bangalore,41.203306345219204,131.796304857206,69.87286946498297
2011-05-04,Bangalore,43.293373053083975,126.2372071918836,79.30529923658179
2011-05-05,Bangalore,42.649954354763324,120.67501801405108,83.63448216501945
2011-05-06,Bangalore,38.69219215205884,119.50064181968602,82.85873531425963
2011-05-07,Bangalore,41.62597726347709,113.73877505896138,79.88042476965451
2011-05-08,Bangalore,38.002892697020506,119.8798419440295,79.32231551275689
2011-05-09,Bangalore,41.21369283970786,102.68461376227674,84.41177617419902
2011-05-10,Bangalore,38.70327015326693,116.2088591176763,77.37340440865835
2011-05-11,Bangalore,37.60233396691924,120.13714607750029,78.72832920746167
2011-05-12,Bangalore,40.11897681330024,129.01545885562047,73.67385294655087
2011-05-13,Bangalore,34.1175340190118,122.18074019222662,68.24311969636638
2011-05-14,Bangalore,35.870268959675506,130.18589146421346,71.40519571447405
2011-05-15,Bangalore,38.92059177331631,135.3780776737289,74.54535588905647
2011-05-16,Bangalore,39.341652670029305,132.11200834851988,74.65746513602575
2011-05-17,Bangalore,38.3371985607554,125.87260677700091,83.74310147642052
2011-05-18,Bangalore,35.813939671434575,120.91706359841717,74.27201037569489
2011-05-19,Bangalore,37.231950410493155,110.6153222001749,79.50968540966853
2011-05-20,Bangalore,39.54305729661012,127.44135644019917,71.18589107638908
2011-05-21,Bangalore,39.81512711334758,136.45216453848784,71.54474771535554
2011-05-22,Bangalore,38.50810089717376,122.6827017936011,66.19605607861403
2011-05-23,Bangalore,40.741295708032325,138.03547592213627,68.86361622753383
2011-05-24,Bangalore,39.107640046551744,103.20282091828899,74.94059895608532
2011-05-25,Bangalore,36.701329324332804,106.50708804895227,72.07028216646911
2011-05-26,Bangalore,37.5168484161015,126.18557264625682,76.47039814533564
2011-05-27,Bangalore,35.15199036462754,119.85607013866225,72.38171509981174
2011-05-28,Bangalore,37.61961464331893,129.92549963802338,69.42951659001483
2011-05-29,Bangalore,39.93660562384918,116.20249674895213,81.64629308974781
2011-05-30,Bangalore,38.95788065104127,107.24214721957469,70.14508311967343
2011-05-31,Bangalore,40.264642561996766,113.34593930842516,76.13625266884358
2011-06-01,Bangalore,36.726647646859774,99.71041469413592,68.01879023619213
2011-06-02,Bangalore,39.894926660115416,103.30227448229036,73.27345153909164
2011-06-03,Bangalore,36.6849866238427,123.85922520939602,74.06326844923571
2011-06-04,Bangalore,39.88223710022438,122.40507494994986,70.16059372304707
2011-06-05,Bangalore,36.7614743486207,116.84560637857562,57.03796107352689
2011-06-06,Bangalore,38.0844661473041,95.53923498948194,68.59126910367165
2011-06-07,Bangalore,39.48378431677592,108.69664300933975,74.3394194151123
2011-06-08,Bangalore,36.00904750940226,99.55770941309349,70.50920969826798
2011-06-09,Bangalore,36.693857627128,123.0965714939966,69.78335368022553
2011-06-10,Bangalore,38.69486415771028,105.01419058626702,58.622989944807756
2011-06-11,Bangalore,35.7101167988472,99.5108922723065,63.30997090003937
2011-06-12,Bangalore,33.19230025723298,110.18021611795017,68.6449578002478
2011-06-13,Bangalore,39.977084518528095,102.99166665972868,68.314057202651
2011-06-14,Bangalore,34.60759926406063,123.7388236802418,72.00759028613432
2011-06-15,Bangalore,35.719818853867245,101.05881128063456,64.88027972825384
2011-06-16,Bangalore,37.56866826618233,93.9176821895939,67.30243028792921
2011-06-17,Bangalore,33.893233997346954,85.88153025685291,65.02231481927518
2011-06-18,Bangalore,32.947320875861855,106.60130508278422,59.67139972210446
2011-06-19,Bangalore,35.32268374794763,100.78632632461462,52.99146165332219
2011-06-20,Bangalore,31.08057610211099,91.61114062869004,66.08850625652191
2011-06-21,Bangalore,33.94185370351978,117.28526218432472,64.46506775657531
2011-06-22,Bangalore,34.858147458015985,111.55666186244792,60.1652650482695
2011-06-23,Bangalore,33.678088175548424,104.09179711822395,54.82011865581818
2011-06-24,Bangalore,30.980579888154324,117.50570776528612,65.72366112109532
2011-06-25,Bangalore,37.10494598362497,109.97513054763698,60.903579771456144
2011-06-26,Bangalore,33.97244380607034,94.60754347933164,64.6751086081847
2011-06-27,Bangalore,36.47616902785811,91.92939273709624,70.86797223672805
2011-06-28,Bangalore,32.94206027329704,109.9862137655124,50.49711114571734
2011-06-29,Bangalore,31.55019836666378,105.25433655480943,57.362440616578795
2011-06-30,Bangalore,33.69654624278165,102.47203088652061,59.469490737983094
2011-07-01,Bangalore,32.57449571623045,91.79323187797159,67.44627080850702
2011-07-02,Bangalore,30.498407115130398,105.8212657633969,51.64584496619382
2011-07-03,Bangalore,35.641384115303666,91.67045796184654,69.16293632386038
2011-07-04,Bangalore,31.30523722416671,97.68946646392732,59.818834847740845
2011-07-05,Bangalore,28.717334456750933,112.66304314289602,58.315731144014855
2011-07-06,Bangalore,34.902467315580026,91.07006326489466,57.46197159923621
2011-07-07,Bangalore,31.086036470202764,81.43400493475541,55.92794984275587
2011-07-08,Bangalore,30.72776214355181,86.12475786764807,63.00740365391189
2011-07-09,Bangalore,28.261743051414243,106.08054294329881,52.082432680536186
2011-07-10,Bangalore,35.12389100399524,98.17333546620586,58.81108696982178
2011-07-11,Bangalore,28.912968696195463,93.82701582495697,54.82295141269479
2011-07-12,Bangalore,31.459233104155675,89.51606437511744,52.594001042918265
2011-07-13,Bangalore,33.01851174714511,98.95341238172462,68.99641808254795
2011-07-14,Bangalore,31.888224711608235,85.10332402690389,57.824835364971385
2011-07-15,Bangalore,30.7776346737095,96.1474855795076,58.46021431869348
2011-07-16,Bangalore,27.346446478615814,85.27678889744237,60.748440293724606
2011-07-17,Bangalore,28.98389540118536,83.11344136540924,47.619940418847115
2011-07-18,Bangalore,30.833293924092878,85.2182053957734,63.15684604162583
2011-07-19,Bangalore,28.73852366729111,87.34454095695568,41.52095772205482
2011-07-20,Bangalore,30.575648510639265,90.11849041258816,49.894027131090866
2011-07-21,Bangalore,31.38940199538498,92.47230348437525,51.11667198961489
2011-07-22,Bangalore,31.808882644892876,52.747977705593556,55.996370571437865
2011-07-23,Bangalore,27.29050397707696,81.07208250063934,53.85931671611209
2011-07-24,Bangalore,33.99621245791826,84.75306127032067,51.61176699242874
2011-07-25,Bangalore,30.999055922543594,103.2429120863893,52.068207743732046
2011-07-26,Bangalore,29.32301210450566,76.91929515171005,46.922765706074735
2011-07-27,Bangalore,31.369069766457738,88.8779559819125,44.01383122818805
2011-07-28,Bangalore,33.785627700495,101.73473956684352,54.8221824246704
2011-07-29,Bangalore,26.043492862801674,73.1931138952735,54.350396692511744
2011-07-30,Bangalore,28.337879638278654,89.8049670284281,58.49928172230801
2011-07-31,Bangalore,23.900409609166438,77.38910044739409,46.324460373750156
2011-08-01,Bangalore,28.912884930838295,79.91640817373438,53.439239782589105
2011-08-02,Bangalore,44.05996608426851,76.48701992999128,48.26021853785929
2011-08-03,Bangalore,28.19437528749515,76.75952547098315,55.33777396272875
2011-08-04,Bangalore,26.838528472596874,110.86190832284541,54.205005112577695
2011-08-05,Bangalore,23.92507834352159,91.65688084841136,49.86426174791876
2011-08-06,Bangalore,28.649344687780292,93.80421058073236,46.82690385858358
2011-08-07,Bangalore,30.693016444905915,87.28637729959077,53.04895584719184
2011-08-08,Bangalore,26.481722456283908,65.88871021923273,51.20204135178437
2011-08-09,Bangalore,28.427273858413013,85.49104170433324,44.27210599030253
2011-08-10,Bangalore,24.296083227201553,91.86641170719842,40.78575034068616
2011-08-11,Bangalore,28.233878995019396,72.20436386251198,45.71624123185975
2011-08-12,Bangalore,26.421671832419836,89.99857595533871,54.47394193255935
2011-08-13,Bangalore,25.57452545665884,87.00144617213478,52.371158509394526
2011-08-14,Bangalore,25.471538622797574,98.09719816382622,40.822894462106774
2011-08-15,Bangalore,26.09996456706421,75.0237330682545,40.295588382760855
2011-08-16,Bangalore,27.5490305303133,67.8563818740274,52.26174704625388
2011-08-17,Bangalore,24.058904460849348,74.85341149599569,39.96828220269162
2011-08-18,Bangalore,25.79019379599942,92.46898330904159,47.95532553648029
2011-08-19,Bangalore,26.404836335515746,59.479280866122494,42.09520370634647
2011-08-20,Bangalore,24.1952532756162,56.736238019729434,53.03188807196825
2011-08-21,Bangalore,29.894444275444602,77.97729440559985,40.870103748499744
2011-08-22,Bangalore,24.50416862620691,72.32758583124723,50.21912682368833
2011-08-23,Bangalore,24.78462762194588,76.50778327939541,45.211296168727536
2011-08-24,Bangalore,37.21724743283444,85.56763179888019,45.33731699551913
2011-08-25,Bangalore,29.552160711066783,70.27990814918314,34.0188581668241
2011-08-26,Bangalore,26.980429942739804,56.77380014731632,32.65467220505309
2011-08-27,Bangalore,23.923274000273622,95.65418961028216,42.370086324185245
2011-08-28,Bangalore,27.933208323533574,64.94995274305315,44.51602072871033
2011-08-29,Bangalore,26.048906815047125,64.05215705928713,37.46902971425012
2011-08-30,Bangalore,26.09128514472474,85.40753504473116,37.47008955262175
2011-08-31,Bangalore,24.81962430199598,70.26084494808747,45.544520588132436
2011-09-01,Bangalore,23.944104838992832,73.21491191837224,45.38014602809922
2011-09-02,Bangalore,26.055410158373846,78.42753512139711,41.71105061858965
2011-09-03,Bangalore,24.229252313713893,84.19411135221517,46.139862153340516
2011-09-04,Bangalore,28.895118351801123,69.79021434613502,36.21220270670109
2011-09-05,Bangalore,22.667859766266954,88.09884598940248,40.153209368071465
2011-09-06,Bangalore,28.226267244767726,51.323862609825454,50.02729542703405
2011-09-07,Bangalore,24.881526041810467,80.07036358774897,41.98993812851122
2011-09-08,Bangalore,25.655264246111273,63.87600275403062,42.14574812907313
2011-09-09,Bangalore,26.67907622287908,85.80099523494053,52.91525430907912
2011-09-10,Bangalore,23.710687947036817,73.3140043994425,34.26566224484752
2011-09-11,Bangalore,26.66088533549307,64.98811237819336,45.12692896540214
2011-09-12,Bangalore,19.48129648911593,78.17756352985117,49.35269979879706
2011-09-13,Bangalore,23.423210967251666,80.32145357315915,39.30209043489836
2011-09-14,Bangalore,22.984696215444906,77.65740671896748,45.123797594528305
2011-09-15,Bangalore,22.298282489614987,60.79892114674494,35.8204915426625
2011-09-16,Bangalore,24.35071249360146,66.12169527305723,37.207582361681965
2011-09-17,Bangalore,25.530317970072783,70.79572572991381,42.482468147656945
2011-09-18,Bangalore,26.145214490674928,70.30708695452834,44.47262235290559
2011-09-19,Bangalore,25.205616597945912,78.10904400501877,46.01240872912143
2011-09-20,Bangalore,23.379347550413083,50.36319111553445,48.18961189509782
2011-09-21,Bangalore,25.438551376012033,73.76482604662013,39.94380420794749
2011-09-22,Bangalore,24.941795487378297,67.4398587486634,46.194506971216136
2011-09-23,Bangalore,26.56097169593749,61.88157191635683,38.466194502885166
2011-09-24,Bangalore,26.241304913188895,62.77742674428157,44.64531957259305
2011-09-25,Bangalore,24.749899716834285,68.00146402179944,41.13533776724696
2011-09-26,Bangalore,22.89890497013578,34.08938190277973,42.29521150032622
2011-09-27,Bangalore,23.394928079681918,63.04958946612273,42.159196152802345
2011-09-28,Bangalore,23.6116241248736,61.27546028598606,31.99888063931027
2011-09-29,Bangalore,24.094004525293915,75.34144367260552,34.38846509194899
2011-09-30,Bangalore,25.27693426863213,61.947233415252654,40.51437402599286
2011-10-01,Bangalore,26.190441382894214,67.84913980620941,31.563789807070354
2011-10-02,Bangalore,24.68007759417034,85.4297112172163,44.160685476400964
2011-10-03,Bangalore,24.839749463404107,79.96601486096372,44.37277960664704
2011-10-04,Bangalore,25.122258398444366,79.0696513647676,41.66714434127767
2011-10-05,Bangalore,23.83493964265377,65.08152650264681,34.44783047404728
2011-10-06,Bangalore,23.050025523242294,75.55275290848114,46.98231477139899
2011-10-07,Bangalore,21.426945136439063,67.8344847886455,50.301695060712746
2011-10-08,Bangalore,23.58747918966693,68.27240161069265,40.89093994887122
2011-10-09,Bangalore,25.966965955662044,74.39887858484491,42.75402699050912
2011-10-10,Bangalore,23.660682699981,64.40958084397109,41.26170442610049
2011-10-11,Bangalore,24.6396477576272,85.39581654186927,42.96236960995215
2011-10-12,Bangalore,26.099797872108542,68.95950449587234,39.77607681143583
2011-10-13,Bangalore,26.262895577788772,76.84815541742695,40.27021197066785
2011-10-14,Bangalore,23.11992974394371,85.33299113740036,45.046578899038415
2011-10-15,Bangalore,27.33347949439221,81.21462009020654,52.32684237245206
2011-10-16,Bangalore,27.65730080216242,56.938610843449105,33.684845074894206
2011-10-17,Bangalore,23.20900244683987,75.61506543392981,40.25834190053915
2011-10-18,Bangalore,23.889977994798635,79.82014914684929,34.97300104200147
2011-10-19,Bangalore,27.99161620334085,80.38693473275288,48.938994166977345
2011-10-20,Bangalore,25.390329083217974,60.499160036039406,38.149382404857654
2011-10-21,Bangalore,21.32188352567734,65.2339658915699,33.986874872233116
2011-10-22,Bangalore,23.042264702305374,81.93046549272846,44.51419041778436
2011-10-23,Bangalore,25.425843913863076,64.55614578579764,50.170721902131625
2011-10-24,Bangalore,23.68420182226445,69.37390080185781,44.89856358847112
2011-10-25,Bangalore,25.271872576873783,88.33491844945968,42.74142962270292
2011-10-26,Bangalore,26.254654299340796,72.31159311207301,43.90542835782725
2011-10-27,Bangalore,29.208200511547027,65.74333253209427,49.081585921082905
2011-10-28,Bangalore,25.799278702948932,64.46438603758449,37.78937672073828
2011-10-29,Bangalore,28.62440849971188,76.80516799755097,41.75941428070116
2011-10-30,Bangalore,29.438603272631113,60.39176876090061,40.21871515456747
2011-10-31,Bangalore,29.55405579140818,71.5029497191479,36.81154636894951
2011-11-01,Bangalore,27.36186960401311,77.56938660162614,41.18284453739993
2011-11-02,Bangalore,22.975250789046772,87.49698545965084,48.542263649361686
2011-11-03,Bangalore,27.935465674462947,81.4569286346656,46.02064262927406
2011-11-04,Bangalore,29.225093511969003,67.92423002920398,46.598139973224846
2011-11-05,Bangalore,27.08310025610502,87.13989657656477,44.3028469922183
2011-11-06,Bangalore,30.85377715007689,72.65867785430439,46.38583773349573
2011-11-07,Bangalore,29.206056241188143,63.6021371342656,39.96982652476593
2011-11-08,Bangalore,28.747090186737793,74.55121670464196,42.633537435228305
2011-11-09,Bangalore,29.909802911703913,90.97281647933373,45.35410416342786
2011-11-10,Bangalore,28.532591433682377,78.56995569413111,45.999282756730686
2011-11-11,Bangalore,23.011320916423664,77.376044388941,46.43482310503811
2011-11-12,Bangalore,27.132001220093716,93.96295381613189,44.368881835987004
2011-11-13,Bangalore,30.660165824855852,63.62394084053616,43.404542535068636
2011-11-14,Bangalore,26.788376936844283,65.43468771059491,61.31597564930324
2011-11-15,Bangalore,28.09648876670837,62.491836621878434,50.30080391902649
2011-11-16,Bangalore,26.595744101677386,82.74273205325113,48.07657083873017
2011-11-17,Bangalore,32.397317518166865,81.05334825444122,45.092902164494674
2011-11-18,Bangalore,32.33854872650657,95.19405510780939,44.2550334886217
2011-11-19,Bangalore,27.355916027295756,82.58571222409932,46.113304666519646
2011-11-20,Bangalore,29.568300390428348,76.49954157415752,48.49155299723378
2011-11-21,Bangalore,28.06468889557013,80.95497970207573,37.88917626188104
2011-11-22,Bangalore,30.809421793654074,82.51567173138353,39.712117054309225
2011-11-23,Bangalore,30.754597453333396,65.02808116326455,44.64605065300269
2011-11-24,Bangalore,31.516144273618895,109.26151583452601,49.14116344467757
2011-11-25,Bangalore,30.71583416087776,87.77470197740507,47.18762879516471
2011-11-26,Bangalore,36.083794849865754,85.09903039149233,56.05657100467505
2011-11-27,Bangalore,28.319799338302317,89.57858044775719,41.53930980166875
2011-11-28,Bangalore,27.118741575743982,90.95395465971708,45.48316922121717
2011-11-29,Bangalore,29.919663524941573,82.89199692400918,57.132146557644504
2011-11-30,Bangalore,27.737314030358426,78.42746032202987,50.482177746333655
2011-12-01,Bangalore,28.057319958388245,91.18124035841772,54.548701910806244
2011-12-02,Bangalore,29.210032290446183,89.49509320184087,60.68155791403155
2011-12-03,Bangalore,29.54011948010823,77.99459088202038,47.25997249243387
2011-12-04,Bangalore,29.64847037869577,100.74347586146031,50.538841476231624
2011-12-05,Bangalore,32.76868197538651,89.95025258671689,49.98235364433701
2011-12-06,Bangalore,30.895685851706155,94.7823855443068,41.88316292533728
2011-12-07,Bangalore,31.726090958195304,101.87456920061997,50.418256197100675
2011-12-08,Bangalore,34.0518314865658,88.64898602434012,56.692042812031175
2011-12-09,Bangalore,30.910109521530416,92.07778378312096,55.30845685124774
2011-12-10,Bangalore,32.094146980826835,97.48998871977,56.021893403412605
2011-12-11,Bangalore,33.53629097624469,82.62570217417608,51.37199710492023
2011-12-12,Bangalore,29.10416778183591,90.90242677768906,50.29412058612449
2011-12-13,Bangalore,28.400976735535938,92.1078491268228,60.247853866367315
2011-12-14,Bangalore,34.04741032878935,81.78494149674776,51.74376561059946
2011-12-15,Bangalore,34.52444698579274,115.01762316071563,56.03124704328396
2011-12-16,Bangalore,37.85490731854294,78.26646671159034,55.70960750106393
2011-12-17,Bangalore,34.229462091674115,79.85877798294992,62.535129761166594
2011-12-18,Bangalore,35.74026430447452,106.48462036691079,60.41863152827846
2011-12-19,Bangalore,33.898009714141864,100.97952751190684,49.421616899292005
2011-12-20,Bangalore,35.072187344737735,84.0935505298949,50.297699969259924
2011-12-21,Bangalore,38.00158224168429,100.9340958255726,59.468686206716114
2011-12-22,Bangalore,30.60892615710592,110.04923983004466,56.59213534981855
2011-12-23,Bangalore,35.87444479401071,95.57900626063218,54.97856563796587
2011-12-24,Bangalore,39.509093011161205,122.38198765376524,62.6739785219853
2011-12-25,Bangalore,35.99305146394433,79.66633096789658,58.87526296149584
2011-12-26,Bangalore,38.92149793909123,104.35929057646761,58.54299095969829
2011-12-27,Bangalore,34.55355143291791,109.60121055814041,62.523094667728834
2011-12-28,Bangalore,35.93970833944003,107.36484899935483,57.092061680817096
2011-12-29,Bangalore,36.262833288549714,96.92379438486114,67.15416269490785
2011-12-30,Bangalore,31.952684279724107,96.57918449521344,55.71549476071825
2011-12-31,Bangalore,34.243644344299604,104.44145171087258,63.28464533171046
2012-01-01,Bangalore,34.57838340279038,108.67394555119573,67.51343131641592
2012-01-02,Bangalore,38.60834827229252,107.05738271150601,53.80195478609441
2012-01-03,Bangalore,38.90050288360065,111.94916892463151,59.31571746520283
2012-01-04,Bangalore,37.99609715343626,91.87537323340224,67.08708550047419
2012-01-05,Bangalore,39.18785378108588,100.30123417088704,67.50551871340406
2012-01-06,Bangalore,37.402718149030804,93.69289160218551,61.2045559470075
2012-01-07,Bangalore,40.325943788072614,99.74511358611916,58.73080542960275
2012-01-08,Bangalore,38.13036460639679,114.27057208154099,67.52525455391911
2012-01-09,Bangalore,38.41881630149633,105.70910382718073,69.00392192619364
2012-01-10,Bangalore,37.96174617528995,131.207385956942,57.60254614106758
2012-01-11,Bangalore,40.0511680537053,107.58086496719449,57.744965952032985
2012-01-12,Bangalore,38.028647365460365,106.75005380185594,65.22837340729039
2012-01-13,Bangalore,41.012077884437794,107.71947458452713,67.58523342722776
2012-01-14,Bangalore,36.98242937862749,100.78209605157915,63.278109893968725
2012-01-15,Bangalore,37.23570044170548,107.08223272970967,68.50353500223548
2012-01-16,Bangalore,40.99443508559406,119.43662499713963,61.888480116495195
2012-01-17,Bangalore,39.627735899640065,109.794179667696,55.196180662243506
2012-01-18,Bangalore,39.08142941425663,101.21303944085395,63.978919131462796
2012-01-19,Bangalore,41.95281208187456,100.38724364598458,66.7415539664128
2012-01-20,Bangalore,39.14070616776897,105.62366807116497,65.37125819239999
2012-01-21,Bangalore,40.13635871316298,111.34891800939995,61.28050612523001
2012-01-22,Bangalore,43.51570132904905,123.02760164148282,58.316245978419374
2012-01-23,Bangalore,43.97491875405737,98.16501577364384,65.14282410303265
2012-01-24,Bangalore,44.219676312600384,108.84637689729162,72.51803864236818
2012-01-25,Bangalore,40.68768447225535,113.9589082727203,74.62485924931475
2012-01-26,Bangalore,43.88916173547325,94.64621010021858,74.59407877170091
2012-01-27,Bangalore,39.704387761866755,105.11089742254826,64.88503915906546
2012-01-28,Bangalore,39.96169695958439,107.10762272972367,63.5024737999052
2012-01-29,Bangalore,37.24642669590916,106.40231146496866,72.05784987721525
2012-01-30,Bangalore,57.14533546481539,116.73216195501578,73.05101106118917
2012-01-31,Bangalore,40.55874974036889,113.65453222054516,72.17426690304457
2012-02-01,Bangalore,42.201090914161384,110.14960719495615,60.397995776122194
2012-02-02,Bangalore,40.79940303152643,120.41978141167533,66.42568050634866
2012-02-03,Bangalore,44.17468362833648,133.8038065714911,70.90026231192249
2012-02-04,Bangalore,42.195750241476496,133.39361785615105,73.77012609897449
2012-02-05,Bangalore,40.498368953672106,98.19629048299066,75.45254228208844
2012-02-06,Bangalore,44.15059199797975,123.61252244717429,72.61580135062546
2012-02-07,Bangalore,40.55730865153081,116.4740732028154,73.8234564349937
2012-02-08,Bangalore,41.90565603377769,120.2129558818796,72.86526226062287
2012-02-09,Bangalore,39.52054477964961,115.08013869127984,76.13674288889597
2012-02-10,Bangalore,41.0383793859546,120.63477312992146,74.53691947815418
2012-02-11,Bangalore,44.39340452186374,121.36311250798853,73.561380665082
2012-02-12,Bangalore,40.2553641121236,114.44379099149913,72.147028380972
2012-02-13,Bangalore,41.36823622299324,111.64790753845818,74.14751246968575
2012-02-14,Bangalore,44.46984543825086,116.49679298535457,76.41212343522932
2012-02-15,Bangalore,43.52935243063164,123.6922913130209,75.57050939012579
2012-02-16,Bangalore,48.74051365487774,127.69928456572,76.37701285764452
2012-02-17,Bangalore,48.56196332168861,130.59600046232103,81.42194976603564
2012-02-18,Bangalore,43.29387595146325,117.46726240022753,76.26526136766404
2012-02-19,Bangalore,46.277333321592586,125.58761992738424,71.92112356720547
2012-02-20,Bangalore,46.79271338259828,132.70747072605113,79.8063304676496
2012-02-21,Bangalore,44.22800079465895,135.06482448356454,68.77492533307093
2012-02-22,Bangalore,42.55837349457136,123.1400411613881,70.41184623143911
2012-02-23,Bangalore,45.649013983130644,121.83151539584418,77.70645808709388
2012-02-24,Bangalore,45.44969924044539,126.25741410858475,78.81276451908012
2012-02-25,Bangalore,45.043236539082905,113.14722187009836,70.20427494852831
2012-02-26,Bangalore,46.91633999998705,122.99902368061915,74.70932512238241
2012-02-27,Bangalore,44.64472484233359,132.66441615376564,73.78194895159127
2012-02-28,Bangalore,43.95417582011699,131.91398404026285,74.56296021614259
2012-02-29,Bangalore,46.585805523457694,123.0602427046352,81.89326804688079
2012-03-01,Bangalore,47.246503732433716,128.20087265275959,80.8816544123282
2012-03-02,Bangalore,44.22562716364232,118.0302477514204,77.42222320361633
2012-03-03,Bangalore,48.536856321415804,133.55694678055116,74.95154056329264
2012-03-04,Bangalore,43.23885118904333,125.98122603242173,71.09137857809027
2012-03-05,Bangalore,45.720081779091146,124.22941157260593,85.09354208695461
2012-03-06,Bangalore,46.45412105563114,123.59317602314522,81.1008457574773
2012-03-07,Bangalore,56.850685733061965,126.79490097656142,74.74921424334097
2012-03-08,Bangalore,46.01959193006396,123.15036218217946,82.01742324245716
2012-03-09,Bangalore,50.97756580040819,134.40768086740152,78.1997155687108
2012-03-10,Bangalore,45.61660411015146,124.06228138452593,77.24119705214679
2012-03-11,Bangalore,52.28100402436279,144.12532269853068,80.97317880028592
2012-03-12,Bangalore,48.350217433733526,143.0199966576281,75.20443649897922
2012-03-13,Bangalore,47.73467543757552,119.61626059030957,77.30234772835253
2012-03-14,Bangalore,48.57482897269439,129.38408749204996,79.73200185283584
2012-03-15,Bangalore,52.75115333722691,122.32732730280706,76.72533971301993
2012-03-16,Bangalore,45.77021336868565,125.70572249775954,82.66022480443472
2012-03-17,Bangalore,45.579803380642296,149.12619233199317,88.74661095542145
2012-03-18,Bangalore,46.37127215858036,126.14729948401462,75.7105184404127
2012-03-19,Bangalore,48.00276970898569,132.93771061594398,71.23134034859292
2012-03-20,Bangalore,44.54152245309095,134.85240704823107,69.61742856805087
2012-03-21,Bangalore,48.08941664615814,119.52792077773037,78.93713562756693
2012-03-22,Bangalore,51.480588690767206,121.06952852772753,76.4311658972488
2012-03-23,Bangalore,48.44213973212308,117.63775113853939,80.83795240708247
2012-03-24,Bangalore,47.59685117622877,120.90695894356021,80.50743254848913
2012-03-25,Bangalore,46.98585817157227,101.32623611364673,71.86827390480856
2012-03-26,Bangalore,50.056213370574916,135.32339389235165,70.84396077553656
2012-03-27,Bangalore,46.64158418460546,150.46168760580537,81.42616566389358
2012-03-28,Bangalore,52.01714605275414,131.4312700250322,80.64585259671107
2012-03-29,Bangalore,52.21921960782554,115.81481174378445,77.85591023296091
2012-03-30,Bangalore,48.89118661712248,123.56529123039726,71.7096521139363
2012-03-31,Bangalore,48.37687722120861,125.41095374183573,82.35677110854876
2012-04-01,Bangalore,50.480486203030495,119.82165198750837,86.35783090021447
2012-04-02,Bangalore,50.62505981132822,138.5882148045723,81.38083781484177
2012-04-03,Bangalore,46.83681369373151,138.06899191130435,75.74022485887535
2012-04-04,Bangalore,47.40606134238052,118.38299688778515,80.1811040451636
2012-04-05,Bangalore,45.82189414817511,137.1505774971002,73.10260763041498
2012-04-06,Bangalore,49.28918298767509,145.1212859687936,85.19190979120792
2012-04-07,Bangalore,49.80582425958792,148.82328753031803,80.27435865799598
2012-04-08,Bangalore,45.771289364212,158.38554215066327,70.98149672110293
2012-04-09,Bangalore,59.67484385268931,120.64040121253824,78.2701800024284
2012-04-10,Bangalore,45.76497366447561,157.82064876286694,82.03547055044777
2012-04-11,Bangalore,46.65166589931215,125.94573267431159,77.99329293472202
2012-04-12,Bangalore,49.5381710369075,123.46375619555957,78.21279522570893
2012-04-13,Bangalore,46.95314137296712,132.55104026774953,73.39819997741101
2012-04-14,Bangalore,61.15995200725634,123.34293255794171,82.27506886798952
2012-04-15,Bangalore,45.12475437434601,133.02857489718718,76.11640966038559
2012-04-16,Bangalore,48.72868590509082,115.70334457955146,68.48718408625781
2012-04-17,Bangalore,48.23863153018367,126.37400848898454,77.31806948639395
2012-04-18,Bangalore,46.83889146623814,141.46625224253017,83.97936851046069
2012-04-19,Bangalore,47.88558720475677,127.8802344860536,77.03258436724369
2012-04-20,Bangalore,48.58820119491109,129.69879216911144,87.54514779342601
2012-04-21,Bangalore,60.847015543947634,132.85902643603606,80.88246666865122
2012-04-22,Bangalore,45.194714222376234,139.62833422431598,80.30826943216141
2012-04-23,Bangalore,51.71405608730456,111.17647454389846,77.84382311427383
2012-04-24,Bangalore,46.78929085117339,133.37274930015616,78.01024148236642
2012-04-25,Bangalore,47.81252609456838,124.63674751040885,76.89497442628681
2012-04-26,Bangalore,49.97523749328747,128.76705302285893,76.55576908608106
2012-04-27,Bangalore,54.95650328249006,137.47468041967102,80.57112162503392
2012-04-28,Bangalore,45.35160032651721,114.69985316476635,73.08199030363703
2012-04-29,Bangalore,48.67977646718838,116.27392170477518,72.22077493584942
2012-04-30,Bangalore,46.301958616505004,106.79688996414158,71.81815111980954
2012-05-01,Bangalore,46.573840671345685,120.40267442385958,87.49111529938399
2012-05-02,Bangalore,46.142797655484685,138.93398853628298,79.73815790334943
2012-05-03,Bangalore,45.26118063792946,124.15159983585721,78.42744215546199
2012-05-04,Bangalore,47.356672070617044,111.67651542601125,71.43093623690558
2012-05-05,Bangalore,55.950286364092385,119.93383851596683,79.64379547785234
2012-05-06,Bangalore,49.17899564748291,109.61752450847126,75.74790429665167
2012-05-07,Bangalore,47.3148053352762,112.94253737231674,77.20044363207764
2012-05-08,Bangalore,47.96669858362903,127.7736750161156,71.04055569633454
2012-05-09,Bangalore,46.1041213268947,111.83076238930116,76.51434138866217
2012-05-10,Bangalore,46.214432545246915,134.37286429304424,73.3785131363084
2012-05-11,Bangalore,47.434013938240085,122.20545547541292,71.44971647065992
2012-05-12,Bangalore,44.438567010508436,123.43595186540551,78.72386822967641
2012-05-13,Bangalore,45.9562392396593,119.45293064937894,67.13590117432192
2012-05-14,Bangalore,44.85634851310797,129.61520500803186,77.4150324033005
2012-05-15,Bangalore,44.69563151557759,129.36190628804897,77.77596894128422
2012-05-16,Bangalore,42.1561596198205,124.51805182233706,69.71345382438734
2012-05-17,Bangalore,48.951465447829776,126.44632786568582,69.76398223207721
2012-05-18,Bangalore,44.79465658846262,118.30230558510624,72.50033978320832
2012-05-19,Bangalore,48.38739075246243,125.46394599549649,74.77145833658177
2012-05-20,Bangalore,48.089148214879444,116.27591296153449,72.33885218511058
2012-05-21,Bangalore,43.26854771933266,119.28395761872093,75.00890656569068
2012-05-22,Bangalore,43.55080567461265,116.11644694421206,81.39015455460368
2012-05-23,Bangalore,50.73385191834465,113.88635260570787,69.76710815351798
2012-05-24,Bangalore,48.99809251610351,111.15760391952978,63.45658141098134
2012-05-25,Bangalore,45.31481549626852,122.31045860736305,75.88532296100273
2012-05-26,Bangalore,45.77246889187794,130.31922716526435,79.89201823772413
2012-05-27,Bangalore,43.87419981820739,128.4986975890009,73.15562706345915
2012-05-28,Bangalore,45.877109813807195,103.79155979676517,65.46606539404468
2012-05-29,Bangalore,43.45293668017439,128.81393195892673,69.99513914706267
2012-05-30,Bangalore,40.69591638156176,112.3002867142963,64.72863039925889
2012-05-31,Bangalore,41.98930656143566,121.04458455482919,73.23911373873025
2012-06-01,Bangalore,44.54491256678808,105.52602789278859,62.96900212868163
2012-06-02,Bangalore,42.10946060573346,115.55458436895596,67.92254621933628
2012-06-03,Bangalore,44.10451200525752,116.81443263422284,64.09644473869965
2012-06-04,Bangalore,41.95586576463923,98.36951561131833,69.44449911268471
2012-06-05,Bangalore,42.405295554691556,118.83268186252852,66.6682984137023
2012-06-06,Bangalore,45.5398902009826,125.74002884285179,69.07092969256374
2012-06-07,Bangalore,44.19086386184488,110.06122884287772,67.98355830796116
2012-06-08,Bangalore,43.537750809412955,124.93292026439909,62.62086416545874
2012-06-09,Bangalore,45.17506525343897,108.95447698736896,70.36865993224046
2012-06-10,Bangalore,44.23734031340203,118.86421469058817,66.66841799419909
2012-06-11,Bangalore,46.027211404748044,87.69655480722491,61.6455246051611
2012-06-12,Bangalore,42.07135188472799,133.58098902120943,77.46677359974551
2012-06-13,Bangalore,41.98785823567988,123.8559670306343,68.31640721905544
2012-06-14,Bangalore,40.10008821920947,105.56066521343969,64.83831073698778
2012-06-15,Bangalore,41.698693492535234,88.18907451540204,72.34933248806925
2012-06-16,Bangalore,44.339761593414245,110.29094909748297,74.14952165655174
2012-06-17,Bangalore,59.20973198636717,92.4699146361808,63.87936629304282
2012-06-18,Bangalore,44.0358194905713,110.85416283876876,66.00740574096973
2012-06-19,Bangalore,38.378345164836894,110.01584388545012,58.993443705856826
2012-06-20,Bangalore,43.98395628257709,95.97896588174662,62.859367960671186
2012-06-21,Bangalore,37.99103288284103,116.09388062429929,62.26082748997099
2012-06-22,Bangalore,43.314226617443445,112.42972293565798,63.840119106505774
2012-06-23,Bangalore,40.631912721383706,113.62067869646307,64.23876594223668
2012-06-24,Bangalore,42.62165669908467,103.43834725033982,65.03232238657421
2012-06-25,Bangalore,38.40047080238286,88.68086182537891,63.07894827784378
2012-06-26,Bangalore,43.25620005774692,112.10031709911527,55.49401645152344
2012-06-27,Bangalore,37.832183281448145,99.10268432961587,56.51193001861044
2012-06-28,Bangalore,39.27331250833895,87.39286555820922,58.12840656277225
2012-06-29,Bangalore,38.461995146733265,114.29494686655725,59.10516584492652
2012-06-30,Bangalore,36.797500263241886,121.25228511168577,65.42601139013433
2012-07-01,Bangalore,40.342985166290056,99.32930880354733,54.01316512796168
2012-07-02,Bangalore,43.6139938334026,120.81665833921895,57.69655595460385
2012-07-03,Bangalore,45.18358811459471,99.6224802959776,63.90460283097964
2012-07-04,Bangalore,39.892178800514564,94.3890426373627,57.29634708020108
2012-07-05,Bangalore,41.779497757800414,91.37382108114133,60.75434866454486
2012-07-06,Bangalore,39.85882177768509,113.53472158541143,57.41155478901649
2012-07-07,Bangalore,40.241176318319475,88.84879097247145,59.05073614418973
2012-07-08,Bangalore,38.40822092321971,103.49024777617245,56.28267373190068
2012-07-09,Bangalore,39.33216188164646,90.03438574181169,60.41934342524428
2012-07-10,Bangalore,39.866887279827694,90.51272198610087,49.0185777041975
2012-07-11,Bangalore,37.48541468499171,104.9094993679288,54.58810824354603
2012-07-12,Bangalore,38.33828250227827,90.29944484329918,57.54940558760001
2012-07-13,Bangalore,38.22793060760707,89.54641874260318,58.398057931235044
2012-07-14,Bangalore,39.849749932354925,104.41887686482971,62.8586497091569
2012-07-15,Bangalore,35.91771385193528,108.56330751778818,53.104433056053416
2012-07-16,Bangalore,37.80026065550463,98.53693325100211,62.12409895474422
2012-07-17,Bangalore,41.581704186113235,85.04538198778403,51.100267362717325
2012-07-18,Bangalore,39.940992112436966,85.9925304288195,60.708975672253416
2012-07-19,Bangalore,40.167287688419144,91.40594140932556,57.82519481477533
2012-07-20,Bangalore,37.37477885811077,93.32704615252068,48.84453745734828
2012-07-21,Bangalore,37.82587200066472,79.75297151848028,54.62294993284444
2012-07-22,Bangalore,39.04733502610817,96.37896747390562,52.50954620774369
2012-07-23,Bangalore,40.023431407022215,89.52389434027705,55.57376366429571
2012-07-24,Bangalore,32.86089140766956,71.03520851392472,51.01183652470412
2012-07-25,Bangalore,33.9955577977441,78.43005641092407,50.27664969537892
2012-07-26,Bangalore,39.10888480310976,82.20870306439674,58.345466114423175
2012-07-27,Bangalore,35.80103344495744,86.0558595810746,50.696019840711735
2012-07-28,Bangalore,34.87749148639926,105.21558714978619,55.01397775078965
2012-07-29,Bangalore,33.58008294927015,88.24692783118036,49.45005242130172
2012-07-30,Bangalore,34.84723952582488,77.00409988775304,58.607862153963815
2012-07-31,Bangalore,33.0228432986946,87.16905363969836,46.58349058440702
2012-08-01,Bangalore,39.881564635306425,80.99725079498562,46.608034523447024
2012-08-02,Bangalore,35.52782741441952,87.32568095047742,57.00798494234085
2012-08-03,Bangalore,35.33169453106806,89.44846371413662,46.870459274710726
2012-08-04,Bangalore,36.5002607262339,95.30462859993409,56.81358628261844
2012-08-05,Bangalore,37.12696765948989,82.54396700617,52.98375753988758
2012-08-06,Bangalore,36.97392379018454,98.75604770722414,47.471046421346365
2012-08-07,Bangalore,37.11100325556592,91.03150472861424,38.90105137541575
2012-08-08,Bangalore,33.58546289878501,74.4670665529783,47.59771647937426
2012-08-09,Bangalore,34.13663824412793,103.2356722196096,47.93289397575044
2012-08-10,Bangalore,36.15751617851892,84.00830373560407,52.9949944017906
2012-08-11,Bangalore,33.45365830462991,71.99406424400509,54.83910873701886
2012-08-12,Bangalore,34.38914809381021,96.48721458589822,43.2137868200106
2012-08-13,Bangalore,35.08979343407947,100.35457356767397,50.39044063040059
2012-08-14,Bangalore,35.75755789575099,78.87131055619508,49.96138624232721
2012-08-15,Bangalore,30.52880197418782,73.79598909302871,51.255391309908674
2012-08-16,Bangalore,35.41272216301827,76.74594301518452,48.13991128715849
2012-08-17,Bangalore,33.41697634343168,85.26059065258237,35.6963604634614
2012-08-18,Bangalore,35.20269531324281,90.54190622484727,44.398447620389284
2012-08-19,Bangalore,35.24719510938957,83.1248684826755,39.16812557477525
2012-08-20,Bangalore,36.81694399433289,78.10057370100142,43.70919887959877
2012-08-21,Bangalore,36.21806688157201,91.73359646203306,49.402340353328654
2012-08-22,Bangalore,36.116644774433446,73.30213961712334,45.812757077800576
2012-08-23,Bangalore,36.22551200050632,86.4237074701906,49.81679705633486
2012-08-24,Bangalore,33.837958506422446,72.92497362685889,45.5791706771488
2012-08-25,Bangalore,33.238989659614525,79.81408803673145,37.17760927273717
2012-08-26,Bangalore,34.84209217911757,74.0737483903782,30.86868099265814
2012-08-27,Bangalore,34.48490710867968,74.3637137909128,44.02553422002523
2012-08-28,Bangalore,32.32937695299285,70.868663104786,42.02538652118291
2012-08-29,Bangalore,33.68642512011827,87.81887521931213,38.02882790809405
2012-08-30,Bangalore,32.7383857859317,66.7764757774173,34.23402119074488
2012-08-31,Bangalore,31.035070995986672,66.44648791323327,38.89215755845002
2012-09-01,Bangalore,35.26079944301735,94.80956953924502,41.42729849620541
2012-09-02,Bangalore,32.72982525876525,83.13675596765853,45.568242665942094
2012-09-03,Bangalore,36.659023608048614,49.27368429102237,43.02636959314173
2012-09-04,Bangalore,29.255457436353495,67.24673853815544,49.97322018936997
2012-09-05,Bangalore,31.34039615337111,54.56196772155297,36.609887117888704
2012-09-06,Bangalore,32.46944141278781,62.96558428406564,46.0536219390993
2012-09-07,Bangalore,34.631854973326895,40.8861316718668,41.75067927178177
2012-09-08,Bangalore,33.11169943482458,70.70838629192119,44.85886699983334
2012-09-09,Bangalore,32.89213204540719,60.47414141952393,39.079798757763655
2012-09-10,Bangalore,29.977860980987497,72.31621826625175,46.50317900164454
2012-09-11,Bangalore,29.88250140541934,55.297940010809604,42.50889219148278
2012-09-12,Bangalore,32.80819935427536,72.21868863280703,37.529155142802345
2012-09-13,Bangalore,29.40460984249032,67.08930270917783,40.76552351568813
2012-09-14,Bangalore,31.04153901377986,86.1154131949615,39.53280973403153
2012-09-15,Bangalore,33.08245682793108,85.07543512673433,43.08713609270769
2012-09-16,Bangalore,30.094169489155835,78.689910131231,34.658752320546235
2012-09-17,Bangalore,35.250606418399926,67.45354567441683,40.33303047677416
2012-09-18,Bangalore,34.471735772020885,90.46539320323822,42.38426243033686
2012-09-19,Bangalore,28.867894483523585,54.98185066220232,40.506585496365524
2012-09-20,Bangalore,30.13577601399772,56.38596920544847,47.01574322266837
2012-09-21,Bangalore,27.421669608686692,69.50184129413914,44.096562065708454
2012-09-22,Bangalore,30.423676634969194,92.80695916940755,40.14031473642718
2012-09-23,Bangalore,33.520208460470656,68.17890545327668,41.21830850214008
2012-09-24,Bangalore,31.16115700444331,68.31438823488625,41.57622153539605
2012-09-25,Bangalore,32.915005469690236,55.68112938625681,42.08331998575072
2012-09-26,Bangalore,28.956159754782593,79.52178102674202,30.91336680436912
